﻿<?xml version="1.0" encoding="utf-8" standalone="yes"?>
<Parameters>
  <Connection>
    <DeviceParameters>/IF=tcpip /LOPO=11159 /SA=1</DeviceParameters>
    <ConnectionParameters>/COMT=2500 /AM=* /DAIP=10.16.7.81 /REPO=11159 /ANSL=1 /PT=11169</ConnectionParameters>
  </Connection>
  <AsProject>
    <ApjFullFileName>C:\Users\adminl\Documents\GitHub\SN22_SFL4_2122\Projets perso\Axel\EmuManitou220128\EmuManitou220128.apj</ApjFullFileName>
    <ProjectName>EmuManitou220128</ProjectName>
    <ActiveConfigurationName>Config1</ActiveConfigurationName>
    <LicenseDataFolder>C:\Users\adminl\Documents\GitHub\SN22_SFL4_2122\Projets perso\Axel\EmuManitou220128\Temp\Objects\Config1\X90CP174_24_00</LicenseDataFolder>
  </AsProject>
  <General>
    <DeleteParameterFile>false</DeleteParameterFile>
  </General>
</Parameters>