﻿<?xml version="1.0" encoding="utf-8"?>
<BuildReasons>
  <Rule ID="$(AS_PROJECT_PATH)\temp\objects\config1\x90cp174_24_00\.mappview\data\wwwroot\index.html">
    <BuildReason>ExternalCommand line differs.
</BuildReason>
  </Rule>
  <Rule ID="$(AS_PROJECT_PATH)\temp\objects\config1\x90cp174_24_00\.mappview\data\wwwroot\brvisu\brease\iatc\brvisu\brease._markerfile">
    <BuildReason>ExternalCommand line differs.
</BuildReason>
  </Rule>
  <Rule ID="$(AS_PROJECT_PATH)\temp\objects\config1\x90cp174_24_00\.mappview\data\wwwroot\brvisu\brease\iat\build\jsbuild._markerfile">
    <BuildReason>ExternalCommand line differs.
</BuildReason>
  </Rule>
  <Rule ID="$(AS_PROJECT_PATH)\temp\objects\config1\x90cp174_24_00\.mappview\data\wwwroot\transformations_copy._markerfile">
    <BuildReason>ExternalCommand line differs.
</BuildReason>
  </Rule>
  <Rule ID="$(AS_PROJECT_PATH)\temp\objects\config1\x90cp174_24_00\.mappview\data\wwwroot\types\area._markerfile">
    <BuildReason>ExternalCommand line differs.
</BuildReason>
  </Rule>
  <Rule ID="$(AS_PROJECT_PATH)\temp\objects\config1\x90cp174_24_00\iat_media.job._markerfile">
    <BuildReason>ExternalCommand line differs.
</BuildReason>
  </Rule>
  <Rule ID="$(AS_PROJECT_PATH)\temp\objects\config1\x90cp174_24_00\.mappview\data\wwwroot\server\serverdiagnostics._markerfile">
    <BuildReason>ExternalCommand line differs.
</BuildReason>
  </Rule>
  <Rule ID="$(AS_PROJECT_PATH)\temp\objects\config1\x90cp174_24_00\.mappview\data\wwwroot\brvisu\widgets\brease\common\css\boxlayout.sass.css._markerfile">
    <BuildReason>ExternalCommand line differs.
</BuildReason>
  </Rule>
  <Rule ID="$(AS_PROJECT_PATH)\temp\objects\config1\x90cp174_24_00\.mappview\data\wwwroot\favicon.ico">
    <BuildReason>ExternalCommand line differs.
</BuildReason>
  </Rule>
  <Rule ID="$(AS_PROJECT_PATH)\temp\objects\config1\x90cp174_24_00\.mappview\duplicatethemesfinder._markerfile">
    <BuildReason>ExternalCommand line differs.
</BuildReason>
  </Rule>
  <Rule ID="$(AS_PROJECT_PATH)\temp\objects\config1\x90cp174_24_00\.mappview\duplicatestylessetsfinder._markerfile">
    <BuildReason>ExternalCommand line differs.
</BuildReason>
  </Rule>
  <Rule ID="$(AS_PROJECT_PATH)\temp\objects\config1\x90cp174_24_00\.mappview\duplicatestylesfinder._markerfile">
    <BuildReason>ExternalCommand line differs.
</BuildReason>
  </Rule>
  <Rule ID="$(AS_PROJECT_PATH)\temp\objects\config1\x90cp174_24_00\.mappview\duplicatebindingslistsetsfinder._markerfile">
    <BuildReason>ExternalCommand line differs.
</BuildReason>
  </Rule>
  <Rule ID="$(AS_PROJECT_PATH)\temp\objects\config1\x90cp174_24_00\.mappview\data\server\training.vis">
    <BuildReason>ExternalCommand line differs.
</BuildReason>
  </Rule>
  <Rule ID="$(AS_PROJECT_PATH)\temp\objects\config1\x90cp174_24_00\.mappview\data\server\config.mappviewcfg">
    <BuildReason>ExternalCommand line differs.
</BuildReason>
  </Rule>
  <Rule ID="$(AS_PROJECT_PATH)\temp\objects\config1\x90cp174_24_00\opcuamap\opcuamap.uar.gz">
    <BuildReason>Prerequiste "$(AS_PROJECT_PATH)\physical\config1\x90cp174_24_00\connectivity\opcua\opcuamap.uad" differs.
</BuildReason>
  </Rule>
  <Rule ID="$(AS_PROJECT_PATH)\temp\objects\config1\x90cp174_24_00\arconfig.br">
    <BuildReason>ExternalCommand line differs.
</BuildReason>
  </Rule>
  <Rule ID="$(AS_PROJECT_PATH)\temp\objects\config1\x90cp174_24_00\envoietram\main.st.c">
    <BuildReason>Prerequiste "$(AS_PROJECT_PATH)\logical\envoietramescan\main.st" differs.
</BuildReason>
  </Rule>
  <Rule ID="$(AS_PROJECT_PATH)\temp\objects\config1\x90cp174_24_00\receptiont\main.st.c">
    <BuildReason>Prerequiste "$(AS_PROJECT_PATH)\logical\receptiontrmescan\main.st" differs.
</BuildReason>
  </Rule>
  <Rule ID="$(AS_PROJECT_PATH)\temp\objects\config1\x90cp174_24_00\actualiisa\main.st.c">
    <BuildReason>Prerequiste "$(AS_PROJECT_PATH)\logical\actualiisationtrames\main.st" differs.
</BuildReason>
  </Rule>
  <Rule ID="$(AS_PROJECT_PATH)\temp\objects\config1\x90cp174_24_00\envoietram\main.st.o">
    <BuildReason>Prerequiste "$(AS_PROJECT_PATH)\temp\objects\config1\x90cp174_24_00\envoietram\main.st.c" differs.
</BuildReason>
  </Rule>
  <Rule ID="$(AS_PROJECT_PATH)\temp\objects\config1\x90cp174_24_00\receptiont\main.st.o">
    <BuildReason>Prerequiste "$(AS_PROJECT_PATH)\temp\objects\config1\x90cp174_24_00\receptiont\main.st.c" differs.
</BuildReason>
  </Rule>
  <Rule ID="$(AS_PROJECT_PATH)\temp\objects\config1\x90cp174_24_00\actualiisa\main.st.o">
    <BuildReason>Prerequiste "$(AS_PROJECT_PATH)\temp\objects\config1\x90cp174_24_00\actualiisa\main.st.c" differs.
</BuildReason>
  </Rule>
  <Rule ID="$(AS_PROJECT_PATH)\temp\objects\config1\x90cp174_24_00\envoietram\_bur_pvdef.st.c">
    <BuildReason>Prerequiste "$(AS_PROJECT_PATH)\temp\objects\config1\x90cp174_24_00\envoietram\main.st.o" differs.
</BuildReason>
  </Rule>
  <Rule ID="$(AS_PROJECT_PATH)\temp\objects\config1\x90cp174_24_00\receptiont\_bur_pvdef.st.c">
    <BuildReason>Prerequiste "$(AS_PROJECT_PATH)\temp\objects\config1\x90cp174_24_00\receptiont\main.st.o" differs.
</BuildReason>
  </Rule>
  <Rule ID="$(AS_PROJECT_PATH)\temp\objects\config1\x90cp174_24_00\actualiisa\_bur_pvdef.st.c">
    <BuildReason>Prerequiste "$(AS_PROJECT_PATH)\temp\objects\config1\x90cp174_24_00\actualiisa\main.st.o" differs.
</BuildReason>
  </Rule>
  <Rule ID="$(AS_PROJECT_PATH)\temp\objects\config1\x90cp174_24_00\receptiont\_bur_pvdef.st.o">
    <BuildReason>Prerequiste "$(AS_PROJECT_PATH)\temp\objects\config1\x90cp174_24_00\receptiont\_bur_pvdef.st.c" differs.
</BuildReason>
  </Rule>
  <Rule ID="$(AS_PROJECT_PATH)\temp\objects\config1\x90cp174_24_00\envoietram\_bur_pvdef.st.o">
    <BuildReason>Prerequiste "$(AS_PROJECT_PATH)\temp\objects\config1\x90cp174_24_00\envoietram\_bur_pvdef.st.c" differs.
</BuildReason>
  </Rule>
  <Rule ID="$(AS_PROJECT_PATH)\temp\objects\config1\x90cp174_24_00\actualiisa\_bur_pvdef.st.o">
    <BuildReason>Prerequiste "$(AS_PROJECT_PATH)\temp\objects\config1\x90cp174_24_00\actualiisa\_bur_pvdef.st.c" differs.
</BuildReason>
  </Rule>
  <Rule ID="$(AS_PROJECT_PATH)\temp\objects\config1\x90cp174_24_00\envoietram\a.out">
    <BuildReason>Prerequiste "$(AS_PROJECT_PATH)\temp\objects\config1\x90cp174_24_00\envoietram\main.st.o" differs.
</BuildReason>
  </Rule>
  <Rule ID="$(AS_PROJECT_PATH)\temp\objects\config1\x90cp174_24_00\receptiont\a.out">
    <BuildReason>Prerequiste "$(AS_PROJECT_PATH)\temp\objects\config1\x90cp174_24_00\receptiont\main.st.o" differs.
</BuildReason>
  </Rule>
  <Rule ID="$(AS_PROJECT_PATH)\temp\objects\config1\x90cp174_24_00\actualiisa\a.out">
    <BuildReason>Prerequiste "$(AS_PROJECT_PATH)\temp\objects\config1\x90cp174_24_00\actualiisa\main.st.o" differs.
</BuildReason>
  </Rule>
  <Rule ID="$(AS_PROJECT_PATH)\temp\objects\config1\x90cp174_24_00\envoietram\envoietram.ox">
    <BuildReason>Prerequiste "$(AS_PROJECT_PATH)\temp\objects\config1\x90cp174_24_00\envoietram\a.out" differs.
</BuildReason>
  </Rule>
  <Rule ID="$(AS_PROJECT_PATH)\temp\objects\config1\x90cp174_24_00\ashwac.br">
    <BuildReason>Prerequiste "$(AS_PROJECT_PATH)\physical\config1\hardware.hw" differs.
</BuildReason>
  </Rule>
  <Rule ID="$(AS_PROJECT_PATH)\temp\objects\config1\x90cp174_24_00\tcdata\tcdata.imx">
    <BuildReason>Prerequiste "$(AS_PROJECT_PATH)\logical\libraries\mpbase\common_eventlog.tmx" differs.
</BuildReason>
  </Rule>
  <Rule ID="$(AS_PROJECT_PATH)\temp\objects\config1\x90cp174_24_00\envoietram.br">
    <BuildReason>Prerequiste "$(AS_PROJECT_PATH)\temp\objects\config1\x90cp174_24_00\envoietram\envoietram.ox" differs.
</BuildReason>
  </Rule>
  <Rule ID="$(AS_PROJECT_PATH)\temp\objects\config1\x90cp174_24_00\.mappview\data\wwwroot\brvisu\widgets\brease\image\meta\image_copied.markerfile">
    <BuildReason>ExternalCommand line differs.
</BuildReason>
  </Rule>
  <Rule ID="$(AS_PROJECT_PATH)\temp\objects\config1\x90cp174_24_00\.mappview\data\wwwroot\brvisu\widgets\brease\navigationbutton\meta\navigationbutton_copied.markerfile">
    <BuildReason>ExternalCommand line differs.
</BuildReason>
  </Rule>
  <Rule ID="$(AS_PROJECT_PATH)\temp\objects\config1\x90cp174_24_00\.mappview\data\wwwroot\brvisu\widgets\brease\togglebutton\meta\togglebutton_copied.markerfile">
    <BuildReason>ExternalCommand line differs.
</BuildReason>
  </Rule>
  <Rule ID="$(AS_PROJECT_PATH)\temp\objects\config1\x90cp174_24_00\.mappview\data\wwwroot\brvisu\widgets\brease\button\meta\button_copied.markerfile">
    <BuildReason>ExternalCommand line differs.
</BuildReason>
  </Rule>
  <Rule ID="$(AS_PROJECT_PATH)\temp\objects\config1\x90cp174_24_00\.mappview\data\wwwroot\brvisu\widgets\brease\table\meta\table_copied.markerfile">
    <BuildReason>ExternalCommand line differs.
</BuildReason>
  </Rule>
  <Rule ID="$(AS_PROJECT_PATH)\temp\objects\config1\x90cp174_24_00\.mappview\data\wwwroot\brvisu\widgets\brease\busyindicator\meta\busyindicator_copied.markerfile">
    <BuildReason>ExternalCommand line differs.
</BuildReason>
  </Rule>
  <Rule ID="$(AS_PROJECT_PATH)\temp\objects\config1\x90cp174_24_00\.mappview\data\wwwroot\brvisu\widgets\brease\textinput\meta\textinput_copied.markerfile">
    <BuildReason>ExternalCommand line differs.
</BuildReason>
  </Rule>
  <Rule ID="$(AS_PROJECT_PATH)\temp\objects\config1\x90cp174_24_00\.mappview\data\wwwroot\brvisu\widgets\brease\label\meta\label_copied.markerfile">
    <BuildReason>ExternalCommand line differs.
</BuildReason>
  </Rule>
  <Rule ID="$(AS_PROJECT_PATH)\temp\objects\config1\x90cp174_24_00\.mappview\data\wwwroot\brvisu\widgets\brease\numericinput\meta\numericinput_copied.markerfile">
    <BuildReason>ExternalCommand line differs.
</BuildReason>
  </Rule>
  <Rule ID="$(AS_PROJECT_PATH)\temp\objects\config1\x90cp174_24_00\.mappview\data\wwwroot\brvisu\widgets\brease\checkbox\meta\checkbox_copied.markerfile">
    <BuildReason>ExternalCommand line differs.
</BuildReason>
  </Rule>
  <Rule ID="$(AS_PROJECT_PATH)\temp\objects\config1\x90cp174_24_00\.mappview\data\wwwroot\brvisu\widgets\brease\datetimeinput\meta\datetimeinput_copied.markerfile">
    <BuildReason>ExternalCommand line differs.
</BuildReason>
  </Rule>
  <Rule ID="$(AS_PROJECT_PATH)\temp\objects\config1\x90cp174_24_00\.mappview\data\wwwroot\brvisu\widgets\brease\datetimepicker\meta\datetimepicker_copied.markerfile">
    <BuildReason>ExternalCommand line differs.
</BuildReason>
  </Rule>
  <Rule ID="$(AS_PROJECT_PATH)\temp\objects\config1\x90cp174_24_00\.mappview\data\wwwroot\brvisu\widgets\brease\window\meta\window_copied.markerfile">
    <BuildReason>ExternalCommand line differs.
</BuildReason>
  </Rule>
  <Rule ID="$(AS_PROJECT_PATH)\temp\objects\config1\x90cp174_24_00\.mappview\data\wwwroot\brvisu\widgets\brease\rectangle\meta\rectangle_copied.markerfile">
    <BuildReason>ExternalCommand line differs.
</BuildReason>
  </Rule>
  <Rule ID="$(AS_PROJECT_PATH)\temp\objects\config1\x90cp174_24_00\.mappview\data\wwwroot\brvisu\widgets\brease\dropdownbox\meta\dropdownbox_copied.markerfile">
    <BuildReason>ExternalCommand line differs.
</BuildReason>
  </Rule>
  <Rule ID="$(AS_PROJECT_PATH)\temp\objects\config1\x90cp174_24_00\tcdata\tcdata.s18d">
    <BuildReason>Prerequiste "$(AS_PROJECT_PATH)\temp\objects\config1\x90cp174_24_00\tcdata\tcdata.imx" differs.
</BuildReason>
  </Rule>
  <Rule ID="$(AS_PROJECT_PATH)\temp\objects\config1\x90cp174_24_00\.mappview\data\wwwroot\brvisu\widgets\brease\genericdialog\meta\genericdialog_copied.markerfile">
    <BuildReason>ExternalCommand line differs.
</BuildReason>
  </Rule>
  <Rule ID="$(AS_PROJECT_PATH)\temp\objects\config1\x90cp174_24_00\.mappview\data\wwwroot\brvisu\widgets\brease\tableitem\meta\tableitem_copied.markerfile">
    <BuildReason>ExternalCommand line differs.
</BuildReason>
  </Rule>
  <Rule ID="$(AS_PROJECT_PATH)\temp\objects\config1\x90cp174_24_00\.mappview\data\wwwroot\brvisu\widgets\brease\tableitemwidget\meta\tableitemwidget_copied.markerfile">
    <BuildReason>ExternalCommand line differs.
</BuildReason>
  </Rule>
  <Rule ID="$(AS_PROJECT_PATH)\temp\objects\config1\x90cp174_24_00\.mappview\data\wwwroot\brvisu\widgets\brease\line\meta\line_copied.markerfile">
    <BuildReason>ExternalCommand line differs.
</BuildReason>
  </Rule>
  <Rule ID="$(AS_PROJECT_PATH)\temp\objects\config1\x90cp174_24_00\.mappview\data\wwwroot\brvisu\widgets\brease\ellipse\meta\ellipse_copied.markerfile">
    <BuildReason>ExternalCommand line differs.
</BuildReason>
  </Rule>
  <Rule ID="$(AS_PROJECT_PATH)\temp\objects\config1\x90cp174_24_00\.mappview\data\wwwroot\brvisu\widgets\brease\datetimeoutput\meta\datetimeoutput_copied.markerfile">
    <BuildReason>ExternalCommand line differs.
</BuildReason>
  </Rule>
  <Rule ID="$(AS_PROJECT_PATH)\temp\objects\config1\x90cp174_24_00\.mappview\data\wwwroot\brvisu\widgets\brease\messagebox\meta\messagebox_copied.markerfile">
    <BuildReason>ExternalCommand line differs.
</BuildReason>
  </Rule>
  <Rule ID="$(AS_PROJECT_PATH)\temp\objects\config1\x90cp174_24_00\.mappview\data\wwwroot\brvisu\widgets\brease\dialogwindow\meta\dialogwindow_copied.markerfile">
    <BuildReason>ExternalCommand line differs.
</BuildReason>
  </Rule>
  <Rule ID="$(AS_PROJECT_PATH)\temp\objects\config1\x90cp174_24_00\.mappview\data\wwwroot\brvisu\widgets\brease\numpad\meta\numpad_copied.markerfile">
    <BuildReason>ExternalCommand line differs.
</BuildReason>
  </Rule>
  <Rule ID="$(AS_PROJECT_PATH)\temp\objects\config1\x90cp174_24_00\.mappview\data\wwwroot\brvisu\widgets\brease\keyboard\meta\keyboard_copied.markerfile">
    <BuildReason>ExternalCommand line differs.
</BuildReason>
  </Rule>
  <Rule ID="$(AS_PROJECT_PATH)\temp\objects\config1\x90cp174_24_00\receptiont\receptiont.ox">
    <BuildReason>Prerequiste "$(AS_PROJECT_PATH)\temp\objects\config1\x90cp174_24_00\receptiont\a.out" differs.
</BuildReason>
  </Rule>
  <Rule ID="$(AS_PROJECT_PATH)\temp\objects\config1\x90cp174_24_00\receptiont.br">
    <BuildReason>Prerequiste "$(AS_PROJECT_PATH)\temp\objects\config1\x90cp174_24_00\receptiont\receptiont.ox" differs.
</BuildReason>
  </Rule>
  <Rule ID="$(AS_PROJECT_PATH)\temp\objects\config1\x90cp174_24_00\actualiisa\actualiisa.ox">
    <BuildReason>Prerequiste "$(AS_PROJECT_PATH)\temp\objects\config1\x90cp174_24_00\actualiisa\a.out" differs.
</BuildReason>
  </Rule>
  <Rule ID="$(AS_PROJECT_PATH)\temp\objects\config1\x90cp174_24_00\sysconf.br">
    <BuildReason>Prerequiste "$(AS_PROJECT_PATH)\physical\config1\hardware.hw" differs.
</BuildReason>
  </Rule>
  <Rule ID="$(AS_PROJECT_PATH)\temp\objects\config1\x90cp174_24_00\actualiisa.br">
    <BuildReason>Prerequiste "$(AS_PROJECT_PATH)\temp\objects\config1\x90cp174_24_00\actualiisa\actualiisa.ox" differs.
</BuildReason>
  </Rule>
  <Rule ID="$(AS_PROJECT_PATH)\temp\objects\config1\x90cp174_24_00\iomap.br">
    <BuildReason>Prerequiste "$(AS_PROJECT_PATH)\physical\config1\x90cp174_24_00\iomap.iom" differs.
</BuildReason>
  </Rule>
  <Rule ID="$(AS_PROJECT_PATH)\temp\objects\config1\x90cp174_24_00\role.br">
    <BuildReason>Prerequiste "$(AS_PROJECT_PATH)\physical\config1\x90cp174_24_00\accessandsecurity\userrolesystem\role.role" differs.
</BuildReason>
  </Rule>
  <Rule ID="$(AS_PROJECT_PATH)\temp\objects\config1\x90cp174_24_00\user.br">
    <BuildReason>Prerequiste "$(AS_PROJECT_PATH)\physical\config1\x90cp174_24_00\accessandsecurity\userrolesystem\user.user" differs.
</BuildReason>
  </Rule>
  <Rule ID="$(AS_PROJECT_PATH)\temp\objects\config1\x90cp174_24_00\mpbase.br">
    <BuildReason>Prerequiste "$(AS_PROJECT_PATH)\logical\libraries\mpbase\sg4\arm\mpbase.br" differs.
</BuildReason>
  </Rule>
  <Rule ID="$(AS_PROJECT_PATH)\temp\objects\config1\x90cp174_24_00\fwrules.br">
    <BuildReason>Prerequiste "$(AS_PROJECT_PATH)\physical\config1\x90cp174_24_00\accessandsecurity\firewall\rules.firewallrules" differs.
</BuildReason>
  </Rule>
  <Rule ID="$(AS_PROJECT_PATH)\temp\objects\config1\x90cp174_24_00\mpj1939.br">
    <BuildReason>Prerequiste "$(AS_PROJECT_PATH)\logical\libraries\mpj1939\sg4\arm\mpj1939.br" differs.
</BuildReason>
  </Rule>
  <Rule ID="$(AS_PROJECT_PATH)\temp\objects\config1\x90cp174_24_00\asfw.br">
    <BuildReason>Prerequiste "$(AS_PROJECT_PATH)\physical\config1\hardware.hw" differs.
</BuildReason>
  </Rule>
  <Rule ID="$(AS_PROJECT_PATH)\temp\objects\config1\x90cp174_24_00\tcdata.br">
    <BuildReason>Prerequiste "$(AS_PROJECT_PATH)\temp\objects\config1\x90cp174_24_00\tcdata\tcdata.s18d" differs.
</BuildReason>
  </Rule>
  <Rule ID="$(AS_PROJECT_PATH)\temp\objects\config1\x90cp174_24_00\ashwd.br">
    <BuildReason>Prerequiste "$(AS_PROJECT_PATH)\physical\config1\hardware.hw" differs.
</BuildReason>
  </Rule>
  <Rule ID="$(AS_PROJECT_PATH)\temp\objects\config1\x90cp174_24_00\.mappview\data\.mappview_prerequisites._markerfile">
    <BuildReason>ExternalCommand line differs.
</BuildReason>
  </Rule>
  <Rule ID="$(AS_PROJECT_PATH)\temp\objects\config1\x90cp174_24_00\.mappview\data\wwwroot\brvisu\css\types\area_default.scss.css">
    <BuildReason>ExternalCommand line differs.
</BuildReason>
  </Rule>
  <Rule ID="$(AS_PROJECT_PATH)\temp\objects\config1\x90cp174_24_00\.mappview\data\wwwroot\brvisu\css\types\dialog_default.scss.css">
    <BuildReason>ExternalCommand line differs.
</BuildReason>
  </Rule>
  <Rule ID="$(AS_PROJECT_PATH)\temp\objects\config1\x90cp174_24_00\.mappview\data\wwwroot\brvisu\css\types\messagebox_default.scss.css">
    <BuildReason>ExternalCommand line differs.
</BuildReason>
  </Rule>
  <Rule ID="$(AS_PROJECT_PATH)\temp\objects\config1\x90cp174_24_00\.mappview\data\wwwroot\brvisu\css\types\body_default.scss.css">
    <BuildReason>ExternalCommand line differs.
</BuildReason>
  </Rule>
  <Rule ID="$(AS_PROJECT_PATH)\temp\objects\config1\x90cp174_24_00\.mappview\data\wwwroot\brvisu\css\types\modaldimmer_default.scss.css">
    <BuildReason>ExternalCommand line differs.
</BuildReason>
  </Rule>
  <Rule ID="$(AS_PROJECT_PATH)\temp\objects\config1\x90cp174_24_00\.mappview\data\wwwroot\brvisu\css\types\page_default.scss.css">
    <BuildReason>ExternalCommand line differs.
</BuildReason>
  </Rule>
  <Rule ID="$(AS_PROJECT_PATH)\temp\objects\config1\x90cp174_24_00\.mappview\data\wwwroot\brvisu\css\types\startupprogressbar_default.scss.css">
    <BuildReason>ExternalCommand line differs.
</BuildReason>
  </Rule>
  <Rule ID="$(AS_PROJECT_PATH)\temp\objects\config1\x90cp174_24_00\.mappview\data\wwwroot\brvisu\css\types\scrollbar_default.scss.css">
    <BuildReason>ExternalCommand line differs.
</BuildReason>
  </Rule>
  <Rule ID="$(AS_PROJECT_PATH)\temp\objects\config1\x90cp174_24_00\.mappview\data\wwwroot\brvisu\css\types\tooltip_default.scss.css">
    <BuildReason>ExternalCommand line differs.
</BuildReason>
  </Rule>
  <Rule ID="$(AS_PROJECT_PATH)\temp\objects\config1\x90cp174_24_00\.mappview\data\wwwroot\transformations\eventbinding\parametertypemapping.xml">
    <BuildReason>ExternalCommand line differs.
</BuildReason>
  </Rule>
  <Rule ID="$(AS_PROJECT_PATH)\temp\objects\config1\x90cp174_24_00\.mappview\data\wwwroot\training.json._markerfile">
    <BuildReason>ExternalCommand line differs.
</BuildReason>
  </Rule>
  <Rule ID="$(AS_PROJECT_PATH)\temp\objects\config1\x90cp174_24_00\.mappview\data\wwwroot\mylayout.layout._markerfile">
    <BuildReason>ExternalCommand line differs.
</BuildReason>
  </Rule>
  <Rule ID="$(AS_PROJECT_PATH)\temp\objects\config1\x90cp174_24_00\.mappview\data\wwwroot\contents\mappview\contentmainpage._markerfile">
    <BuildReason>ExternalCommand line differs.
</BuildReason>
  </Rule>
  <Rule ID="$(AS_PROJECT_PATH)\temp\objects\config1\x90cp174_24_00\.mappview\data\wwwroot\contents\mappview\contenttop._markerfile">
    <BuildReason>ExternalCommand line differs.
</BuildReason>
  </Rule>
  <Rule ID="$(AS_PROJECT_PATH)\temp\objects\config1\x90cp174_24_00\.mappview\data\wwwroot\contents\mappview\contentleftmainpage._markerfile">
    <BuildReason>ExternalCommand line differs.
</BuildReason>
  </Rule>
  <Rule ID="$(AS_PROJECT_PATH)\temp\objects\config1\x90cp174_24_00\.mappview\data\wwwroot\contents\mappview\contenttramesemisesspu._markerfile">
    <BuildReason>ExternalCommand line differs.
</BuildReason>
  </Rule>
  <Rule ID="$(AS_PROJECT_PATH)\temp\objects\config1\x90cp174_24_00\.mappview\data\wwwroot\contents\mappview\contentlefttramesemises._markerfile">
    <BuildReason>ExternalCommand line differs.
</BuildReason>
  </Rule>
  <Rule ID="$(AS_PROJECT_PATH)\temp\objects\config1\x90cp174_24_00\.mappview\data\wwwroot\contents\mappview\contenttramesrecueshmi._markerfile">
    <BuildReason>ExternalCommand line differs.
</BuildReason>
  </Rule>
  <Rule ID="$(AS_PROJECT_PATH)\temp\objects\config1\x90cp174_24_00\.mappview\data\wwwroot\contents\mappview\contentlefttramesrecues._markerfile">
    <BuildReason>ExternalCommand line differs.
</BuildReason>
  </Rule>
  <Rule ID="$(AS_PROJECT_PATH)\temp\objects\config1\x90cp174_24_00\.mappview\data\wwwroot\contents\mappview\ihm_content._markerfile">
    <BuildReason>ExternalCommand line differs.
</BuildReason>
  </Rule>
  <Rule ID="$(AS_PROJECT_PATH)\temp\objects\config1\x90cp174_24_00\.mappview\data\wwwroot\brvisu\css\pages\mappview\visualization\pages\mainpage\contentleftmainpage.scss.css">
    <BuildReason>ExternalCommand line differs.
</BuildReason>
  </Rule>
  <Rule ID="$(AS_PROJECT_PATH)\temp\objects\config1\x90cp174_24_00\.mappview\data\wwwroot\brvisu\css\pages\mappview\visualization\pages\pagetramesrecues\contentlefttramesrecues.scss.css">
    <BuildReason>ExternalCommand line differs.
</BuildReason>
  </Rule>
  <Rule ID="$(AS_PROJECT_PATH)\temp\objects\config1\x90cp174_24_00\.mappview\data\wwwroot\contents\mappview\contentleftihm._markerfile">
    <BuildReason>ExternalCommand line differs.
</BuildReason>
  </Rule>
  <Rule ID="$(AS_PROJECT_PATH)\temp\objects\config1\x90cp174_24_00\.mappview\data\wwwroot\contents\mappview\contenttramesemisesmotor._markerfile">
    <BuildReason>ExternalCommand line differs.
</BuildReason>
  </Rule>
  <Rule ID="$(AS_PROJECT_PATH)\temp\objects\config1\x90cp174_24_00\.mappview\data\wwwroot\brvisu\css\pages\mappview\visualization\pages\mainpage\contentmainpage.scss.css">
    <BuildReason>ExternalCommand line differs.
</BuildReason>
  </Rule>
  <Rule ID="$(AS_PROJECT_PATH)\temp\objects\config1\x90cp174_24_00\.mappview\data\wwwroot\brvisu\css\pages\mappview\visualization\pages\pagetramesemises\contentlefttramesemises.scss.css">
    <BuildReason>ExternalCommand line differs.
</BuildReason>
  </Rule>
  <Rule ID="$(AS_PROJECT_PATH)\temp\objects\config1\x90cp174_24_00\.mappview\data\wwwroot\brvisu\css\pages\mappview\visualization\pages\pagetramesemises\contenttramesemisesspu.scss.css">
    <BuildReason>ExternalCommand line differs.
</BuildReason>
  </Rule>
  <Rule ID="$(AS_PROJECT_PATH)\temp\objects\config1\x90cp174_24_00\.mappview\data\wwwroot\brvisu\css\pages\mappview\visualization\pages\pagetramesrecues\contenttramesrecuehmi.scss.css">
    <BuildReason>ExternalCommand line differs.
</BuildReason>
  </Rule>
  <Rule ID="$(AS_PROJECT_PATH)\temp\objects\config1\x90cp174_24_00\.mappview\data\wwwroot\mainpage.page._markerfile">
    <BuildReason>ExternalCommand line differs.
</BuildReason>
  </Rule>
  <Rule ID="$(AS_PROJECT_PATH)\temp\objects\config1\x90cp174_24_00\.mappview\data\wwwroot\brvisu\css\pages\mappview\visualization\pages\pageihm\ihmcontent.scss.css">
    <BuildReason>ExternalCommand line differs.
</BuildReason>
  </Rule>
  <Rule ID="$(AS_PROJECT_PATH)\temp\objects\config1\x90cp174_24_00\.mappview\data\wwwroot\pageihm.page._markerfile">
    <BuildReason>ExternalCommand line differs.
</BuildReason>
  </Rule>
  <Rule ID="$(AS_PROJECT_PATH)\temp\objects\config1\x90cp174_24_00\.mappview\data\wwwroot\pagetramesemises.page._markerfile">
    <BuildReason>ExternalCommand line differs.
</BuildReason>
  </Rule>
  <Rule ID="$(AS_PROJECT_PATH)\temp\objects\config1\x90cp174_24_00\.mappview\data\wwwroot\pagetramesrecues.page._markerfile">
    <BuildReason>ExternalCommand line differs.
</BuildReason>
  </Rule>
  <Rule ID="$(AS_PROJECT_PATH)\temp\objects\config1\x90cp174_24_00\.mappview\data\wwwroot\brvisu\css\pages\mappview\visualization\pages\areacontents\contenttop.scss.css">
    <BuildReason>ExternalCommand line differs.
</BuildReason>
  </Rule>
  <Rule ID="$(AS_PROJECT_PATH)\temp\objects\config1\x90cp174_24_00\.mappview\data\wwwroot\brvisu\css\pages\mappview\visualization\pages\pageihm\contentleftihm.scss.css">
    <BuildReason>ExternalCommand line differs.
</BuildReason>
  </Rule>
  <Rule ID="$(AS_PROJECT_PATH)\temp\objects\config1\x90cp174_24_00\.mappview\data\wwwroot\contents\mappview\contenttramesemisesiv._markerfile">
    <BuildReason>ExternalCommand line differs.
</BuildReason>
  </Rule>
  <Rule ID="$(AS_PROJECT_PATH)\temp\objects\config1\x90cp174_24_00\.mappview\validatebindings._markerfile">
    <BuildReason>ExternalCommand line differs.
</BuildReason>
  </Rule>
  <Rule ID="$(AS_PROJECT_PATH)\temp\objects\config1\x90cp174_24_00\.mappview\data\wwwroot\brvisu\css\pages\mappview\visualization\pages\pagetramesemises\contenttramesemisesmotor.scss.css">
    <BuildReason>ExternalCommand line differs.
</BuildReason>
  </Rule>
  <Rule ID="$(AS_PROJECT_PATH)\temp\objects\config1\x90cp174_24_00\.mappview\data\server\contenttramesemisesmotor_binding.binding._markerfile">
    <BuildReason>ExternalCommand line differs.
</BuildReason>
  </Rule>
  <Rule ID="$(AS_PROJECT_PATH)\temp\objects\config1\x90cp174_24_00\.mappview\data\server\contenttramesrecueshmi_binding.binding._markerfile">
    <BuildReason>ExternalCommand line differs.
</BuildReason>
  </Rule>
  <Rule ID="$(AS_PROJECT_PATH)\temp\objects\config1\x90cp174_24_00\.mappview\data\server\contenttramesemisesspu_binding.binding._markerfile">
    <BuildReason>ExternalCommand line differs.
</BuildReason>
  </Rule>
  <Rule ID="$(AS_PROJECT_PATH)\temp\objects\config1\x90cp174_24_00\.mappview\validateeventbindings._markerfile">
    <BuildReason>ExternalCommand line differs.
</BuildReason>
  </Rule>
  <Rule ID="$(AS_PROJECT_PATH)\temp\objects\config1\x90cp174_24_00\.mappview\data\server\-1339811482.eventbinding">
    <BuildReason>ExternalCommand line differs.
</BuildReason>
  </Rule>
  <Rule ID="$(AS_PROJECT_PATH)\temp\objects\config1\x90cp174_24_00\.mappview\duplicatebindingsfinder._markerfile">
    <BuildReason>ExternalCommand line differs.
</BuildReason>
  </Rule>
  <Rule ID="$(AS_PROJECT_PATH)\temp\objects\config1\x90cp174_24_00\.mappview\data\wwwroot\brvisu\css\themes\burtheme1\burtheme1styleset\burtheme1.stylesset._markerfile">
    <BuildReason>ExternalCommand line differs.
</BuildReason>
  </Rule>
  <Rule ID="$(AS_PROJECT_PATH)\temp\objects\config1\x90cp174_24_00\.mappview\data\server\__systemvariables.sessionvar">
    <BuildReason>ExternalCommand line differs.
</BuildReason>
  </Rule>
  <Rule ID="$(AS_PROJECT_PATH)\temp\objects\config1\x90cp174_24_00\.mappview\data\wwwroot\brvisu\css\themes\burtheme1\burtheme1.theme._markerfile">
    <BuildReason>ExternalCommand line differs.
</BuildReason>
  </Rule>
  <Rule ID="$(AS_PROJECT_PATH)\temp\objects\config1\x90cp174_24_00\.mappview\data\wwwroot\brvisu\css\themes\burtheme1\burtheme1styleset\burtheme1systemstyles.scss">
    <BuildReason>ExternalCommand line differs.
</BuildReason>
  </Rule>
  <Rule ID="$(AS_PROJECT_PATH)\temp\objects\config1\x90cp174_24_00\.mappview\data\wwwroot\brvisu\css\themes\burtheme1\burtheme1styleset\burtheme1defaultstyles.scss">
    <BuildReason>ExternalCommand line differs.
</BuildReason>
  </Rule>
  <Rule ID="$(AS_PROJECT_PATH)\temp\objects\config1\x90cp174_24_00\.mappview\data\wwwroot\brvisu\css\themes\burtheme1\burtheme1styleset\burtheme1commonstyles.scss">
    <BuildReason>ExternalCommand line differs.
</BuildReason>
  </Rule>
  <Rule ID="$(AS_PROJECT_PATH)\temp\objects\config1\x90cp174_24_00\.mappview\data\wwwroot\brvisu\css\themes\burtheme1\burtheme1styleset\burtheme1buttonstyles.scss">
    <BuildReason>ExternalCommand line differs.
</BuildReason>
  </Rule>
  <Rule ID="$(AS_PROJECT_PATH)\temp\objects\config1\x90cp174_24_00\.mappview\data\wwwroot\brvisu\css\pages\mappview\visualization\pages\pagetramesemises\contenttramesemisesiv.scss.css">
    <BuildReason>ExternalCommand line differs.
</BuildReason>
  </Rule>
  <Rule ID="$(AS_PROJECT_PATH)\temp\objects\config1\x90cp174_24_00\.mappview\data\wwwroot\brvisu\css\themes\burtheme1\burtheme1styleset\burtheme1containerstyles.scss">
    <BuildReason>ExternalCommand line differs.
</BuildReason>
  </Rule>
  <Rule ID="$(AS_PROJECT_PATH)\temp\objects\config1\x90cp174_24_00\.mappview\data\wwwroot\brvisu\css\themes\burtheme1\burtheme1styleset\burtheme1labeltextsstyles.scss">
    <BuildReason>ExternalCommand line differs.
</BuildReason>
  </Rule>
  <Rule ID="$(AS_PROJECT_PATH)\temp\objects\config1\x90cp174_24_00\.mappview\data\wwwroot\brvisu\css\brease_core.css">
    <BuildReason>ExternalCommand line differs.
</BuildReason>
  </Rule>
  <Rule ID="$(AS_PROJECT_PATH)\temp\objects\config1\x90cp174_24_00\.mappview\data\wwwroot\training.json">
    <BuildReason>ExternalCommand line differs.
</BuildReason>
  </Rule>
  <Rule ID="$(AS_PROJECT_PATH)\temp\objects\config1\x90cp174_24_00\.mappview\data\wwwroot\brvisu\css\themes\burtheme1\burtheme1styleset\burtheme1numericstyles.scss">
    <BuildReason>ExternalCommand line differs.
</BuildReason>
  </Rule>
  <Rule ID="$(AS_PROJECT_PATH)\temp\objects\config1\x90cp174_24_00\.mappview\data\wwwroot\brvisu\css\themes\burtheme1\burtheme1styleset\burtheme1graphicstyles.scss">
    <BuildReason>ExternalCommand line differs.
</BuildReason>
  </Rule>
  <Rule ID="$(AS_PROJECT_PATH)\temp\objects\config1\x90cp174_24_00\.mappview\data\wwwroot\brvisu\css\themes\burtheme1\burtheme1styleset\burtheme1chartstyles.scss">
    <BuildReason>ExternalCommand line differs.
</BuildReason>
  </Rule>
  <Rule ID="$(AS_PROJECT_PATH)\temp\objects\config1\x90cp174_24_00\.mappview\data\wwwroot\brvisu\css\themes\burtheme1\burtheme1styleset\burtheme1sequencerstyles.scss">
    <BuildReason>ExternalCommand line differs.
</BuildReason>
  </Rule>
  <Rule ID="$(AS_PROJECT_PATH)\temp\objects\config1\x90cp174_24_00\.mappview\data\wwwroot\brvisu\css\themes\burtheme1\burtheme1styleset\burtheme1liststyles.scss">
    <BuildReason>ExternalCommand line differs.
</BuildReason>
  </Rule>
  <Rule ID="$(AS_PROJECT_PATH)\temp\objects\config1\x90cp174_24_00\.mappview\data\wwwroot\brvisu\release\burtheme1.min.css">
    <BuildReason>ExternalCommand line differs.
</BuildReason>
  </Rule>
  <Rule ID="$(AS_PROJECT_PATH)\temp\objects\config1\x90cp174_24_00\.mappview\data\wwwroot\grunt.widgets._markerfile">
    <BuildReason>ExternalCommand line differs.
</BuildReason>
  </Rule>
  <Rule ID=".mappView_Build">
    <BuildReason>Rule contains a phony target. </BuildReason>
  </Rule>
  <Rule ID=".mappView_IntegrationBuild">
    <BuildReason>Rule contains a phony target. </BuildReason>
  </Rule>
  <Rule ID="#cpu_tp.mak">
    <BuildReason>Rule is forced.</BuildReason>
  </Rule>
  <Rule ID="$(AS_PROJECT_PATH)\binaries\config1\x90cp174_24_00\transfer.lst">
    <BuildReason>ExternalCommand line differs.
</BuildReason>
  </Rule>
</BuildReasons>