{"name":"system.widgets.KeyBoard","type":"widget","meta":{"superClass":"widgets.brease.Window","requires":[],"mixins":[],"parents":["*"],"children":[],"inheritance":["system.widgets.KeyBoard","widgets.brease.Window","brease.core.BaseWidget"],"keyboard":"AlphaPad","visible":"false","filePath":"widgets/KeyBoard/KeyBoard.js"},"methods":[{"name":"setEditable","originalName":"setEditable","read":false,"description":"<p>Sets the state of property «editable»<br/>\nUsed for «editable» binding; method is called exclusevely by the framework</p>\n","iatStudioExposed":false,"parameter":[{"name":"editable","type":"Boolean","index":0,"description":"\n","optional":false},{"name":"metaData","type":"Object","index":1,"description":"\n","optional":false}]},{"name":"setEnable","originalName":"setEnable","read":false,"description":"<p>Sets the state of property «enable»</p>\n","iatStudioExposed":false,"parameter":[{"name":"value","type":"Boolean","index":0,"description":"\n","optional":false}]},{"name":"setStyle","originalName":"setStyle","read":false,"description":"\n","iatStudioExposed":false,"parameter":[{"name":"value","type":"StyleReference","index":0,"description":"\n","optional":false}]},{"name":"setVisible","originalName":"setVisible","read":false,"description":"<p>Sets the state of property «visible»</p>\n","iatStudioExposed":false,"parameter":[{"name":"value","type":"Boolean","index":0,"description":"\n","optional":false}]},{"name":"ShowTooltip","originalName":"showTooltip","read":false,"description":"\n","iatStudioExposed":true}],"events":[{"name":"DisabledClick","description":"<p>Fired when disabled element is clicked on.</p>\n","parameter":[{"name":"origin","type":"String","index":0,"description":"<p>id of widget that triggered this event</p>\n","optional":false},{"name":"hasPermission","type":"Boolean","index":1,"description":"<p>defines if the state is caused due to missing</p>\n","optional":false},{"name":"horizontalPos","type":"String","index":2,"description":"<p>horizontal position of click in pixel i.e '10px'</p>\n","optional":false},{"name":"verticalPos","type":"String","index":3,"description":"<p>vertical position of click in pixel i.e '10px'\nroles of the current user</p>\n","optional":false}]}],"properties":[{"name":"autoRaise","type":"brease.enum.AutoRaise","initOnly":true,"localizable":false,"editableBinding":false,"readOnly":false,"required":false,"owner":"brease.objects.WindowConfig","projectable":true,"description":"Can be used to configure the behavior of raising a window above others when the user\nclicks on it. The default behavior will raise the window automaically when the user clicks on it\n","defaultValue":"enabled"},{"name":"enable","type":"Boolean","initOnly":false,"localizable":false,"editableBinding":false,"readOnly":false,"required":false,"owner":"brease.core.BaseWidget","projectable":true,"description":"Initial option to enable widget.\n","category":"Behavior","defaultValue":"true"},{"name":"modal","type":"Boolean","initOnly":true,"localizable":false,"editableBinding":false,"readOnly":false,"required":false,"owner":"brease.objects.WindowConfig","projectable":true,"description":"If true, the window will be modal, in the meaning that no interaction with beneath page is possible. A semi transparent overlay between window and parent application will catch user actions.<br/>\nIt depends on settings 'showCloseButton' and 'forceInteraction' how the user can close the window.\n","defaultValue":"true"},{"name":"permissionOperate","type":"RoleCollection","initOnly":true,"localizable":false,"editableBinding":false,"readOnly":false,"required":false,"owner":"brease.core.BaseWidget","projectable":true,"description":"restricts operability to users, which have given roles\n","category":"Accessibility"},{"name":"permissionView","type":"RoleCollection","initOnly":true,"localizable":false,"editableBinding":false,"readOnly":false,"required":false,"owner":"brease.core.BaseWidget","projectable":true,"description":"restricts visibility to users, which have given roles\n","category":"Accessibility"},{"name":"position","type":"Object","initOnly":true,"localizable":false,"editableBinding":false,"readOnly":false,"required":false,"owner":"brease.objects.WindowConfig","projectable":true,"description":"Horizontal and vertical position of the Window.<br/>\nEither a string (horizontal:left/center/right, vertical:top/middle/bottom) or an integer.<br/>\nExample :\n\n<pre><code>  {'horizontal': 'center', 'vertical': 105}\n</code></pre>\n","defaultValue":"{&apos;horizontal&apos;:&apos;center&apos;, &apos;vertical&apos;:&apos;middle&apos;}"},{"name":"style","type":"StyleReference","initOnly":false,"localizable":false,"editableBinding":false,"readOnly":false,"required":false,"owner":"brease.core.BaseWidget","projectable":true,"description":"reference to a style for this widget type\n","category":"Appearance","defaultValue":"default"},{"name":"tooltip","type":"String","initOnly":true,"localizable":true,"editableBinding":false,"readOnly":false,"required":false,"owner":"brease.core.BaseWidget","projectable":true,"description":"reference to a tooltip for a widget\n","category":"Appearance","defaultValue":""},{"name":"visible","type":"Boolean","initOnly":false,"localizable":false,"editableBinding":false,"readOnly":false,"required":false,"owner":"brease.core.BaseWidget","projectable":true,"description":"change visibility\n","category":"Behavior","defaultValue":"true"},{"name":"zIndex","type":"UInteger","description":"The zIndex property specifies the z-order of a widget and its childs.<br/>\r\n        When widgets overlap, z-order determines which one covers the other. A widget with a larger zIndex generally covers a widget with a lower one.<br/>\r\n        The zIndex must be unique within a content.<br/>","initOnly":true,"required":true,"readOnly":false,"projectable":true,"owner":"brease.core.BaseWidget","hide":false,"cssProp":true},{"name":"left","type":"Integer","description":"absolute position measured from left boundary of parent container","initOnly":true,"required":false,"readOnly":false,"projectable":true,"owner":"brease.core.BaseWidget","hide":false,"cssProp":true},{"name":"top","type":"Integer","description":"absolute position measured from top boundary of parent container","initOnly":true,"required":false,"readOnly":false,"projectable":true,"owner":"brease.core.BaseWidget","hide":false,"cssProp":true},{"name":"height","type":"Size","defaultValue":"473","description":"outer height of widget","initOnly":true,"required":false,"readOnly":false,"projectable":true,"owner":"system.widgets.KeyBoard","hide":false,"cssProp":true},{"name":"width","type":"Size","defaultValue":"957","description":"outer width of widget","initOnly":true,"required":false,"readOnly":false,"projectable":true,"owner":"system.widgets.KeyBoard","hide":false,"cssProp":true}],"dependencies":{"files":[],"widgets":[]},"categories":{"Category":["System"]},"descriptions":{},"superproperties":{"id":{"type":"WidgetId"},"enable":{"type":"Boolean"},"permissionOperate":{"type":"RoleCollection"},"permissionView":{"type":"RoleCollection"},"style":{"type":"StyleReference"},"tooltip":{"type":"String"},"visible":{"type":"Boolean"},"zIndex":{"type":"UInteger"},"left":{"type":"Integer"},"top":{"type":"Integer"},"height":{"type":"AutoSize"},"width":{"type":"AutoSize"}},"styleproperties":{"StyleProperty":[],"$":{}},"propertygroups":{"PropertyGroup":[{"$":{"name":"Size","type":"String","category":"Layout"},"Description":["outer height and width of widget"]},{"$":{"name":"Position","type":"String","category":"Layout"},"Description":["top and left of widget"]}]}}