<?xml version="1.0" encoding="utf-8"?>
<?AutomationRuntimeIOSystem Version="1.0"?>
<IO xmlns="http://www.br-automation.com/AR/IO">
<Links>
<LN ID="%IW.ModuleID" Type="UINT">
<Prod Device="$root" DPName="ModuleID" Kind="io"/>
</LN>
<LN ID="%IW.HardwareVariant" Type="UINT">
<Prod Device="$root" DPName="HardwareVariant" Kind="io"/>
</LN>
<LN ID="%IW.FirmwareVersion" Type="UINT">
<Prod Device="$root" DPName="FirmwareVersion" Kind="io"/>
</LN>
<LN ID="%ID.SerialNumber" Type="UDINT">
<Prod Device="$root" DPName="SerialNumber" Kind="io"/>
</LN>
<LN ID="%IW.StorageWear" Type="UINT">
<Prod Device="$root" DPName="StorageWear" Kind="io"/>
</LN>
<LN ID="%IW.TemperatureCPU" Type="INT">
<Prod Device="$root" DPName="TemperatureCPU" Kind="io"/>
</LN>
<LN ID="%IW.TemperatureENV1" Type="INT">
<Prod Device="$root" DPName="TemperatureENV1" Kind="io"/>
</LN>
<LN ID="%IW.TemperatureENV2" Type="INT">
<Prod Device="$root" DPName="TemperatureENV2" Kind="io"/>
</LN>
<LN ID="%IW.TemperatureENV3" Type="INT">
<Prod Device="$root" DPName="TemperatureENV3" Kind="io"/>
</LN>
<LN ID="%IW.TemperatureENV4" Type="INT">
<Prod Device="$root" DPName="TemperatureENV4" Kind="io"/>
</LN>
<LN ID="%ID.SystemTime" Type="DINT">
<Prod Device="$root" DPName="SystemTime" Kind="io"/>
</LN>
<LN ID="%IX.IF3.LinkOk" Type="BOOL">
<Prod Device="$root" DPName="IF3.LinkOk" Kind="io"/>
</LN>
<LN ID="%ID.IF3.OutputDMAMargin" Type="DINT">
<Prod Device="$root" DPName="IF3.OutputDMAMargin" Kind="io"/>
</LN>
<LN ID="%IB.IF3.NodeNumber" Type="USINT">
<Prod Device="$root" DPName="IF3.NodeNumber" Kind="io"/>
</LN>
<LN ID="%IX.IF3.CycleOk" Type="BOOL">
<Prod Device="$root" DPName="IF3.CycleOk" Kind="io"/>
</LN>
<LN ID="%IX.IF3.SyncOk" Type="BOOL">
<Prod Device="$root" DPName="IF3.SyncOk" Kind="io"/>
</LN>
<LN ID="%ID.IF3.TimeSeconds" Type="UDINT">
<Prod Device="$root" DPName="IF3.TimeSeconds" Kind="io"/>
</LN>
<LN ID="%ID.IF3.TimeNanoseconds" Type="UDINT">
<Prod Device="$root" DPName="IF3.TimeNanoseconds" Kind="io"/>
</LN>
<LN ID="%ID.IF3.NettimeSoC" Type="DINT">
<Prod Device="$root" DPName="IF3.NettimeSoC" Kind="io"/>
</LN>
<LN ID="%ID.IF3.NettimeOffset" Type="DINT">
<Prod Device="$root" DPName="IF3.NettimeOffset" Kind="io"/>
</LN>
<LN ID="%ID.IF3.CycleCount" Type="UDINT">
<Prod Device="$root" DPName="IF3.CycleCount" Kind="io"/>
</LN>
<LN ID="%ID.IF3.FailedCycleCount" Type="UDINT">
<Prod Device="$root" DPName="IF3.FailedCycleCount" Kind="io"/>
</LN>
<LN ID="%ID.IF3.CycleTimeViolationCount" Type="UDINT">
<Prod Device="$root" DPName="IF3.CycleTimeViolationCount" Kind="io"/>
</LN>
<LN ID="%ID.IF3.CycleIdleTime" Type="UDINT">
<Prod Device="$root" DPName="IF3.CycleIdleTime" Kind="io"/>
</LN>
<LN ID="%ID.IF3.CycleCongestionCount" Type="UDINT">
<Prod Device="$root" DPName="IF3.CycleCongestionCount" Kind="io"/>
</LN>
<LN ID="%ID.IF6.CycleCount" Type="DINT">
<Prod Device="$root" DPName="IF6.CycleCount" Kind="io"/>
</LN>
<LN ID="%ID.IF6.BreakCount" Type="DINT">
<Prod Device="$root" DPName="IF6.BreakCount" Kind="io"/>
</LN>
<LN ID="%ID.IF6.Nettime" Type="DINT">
<Prod Device="$root" DPName="IF6.Nettime" Kind="io"/>
</LN>
<LN ID="%ID.IF6.SyncErrorCount" Type="DINT">
<Prod Device="$root" DPName="IF6.SyncErrorCount" Kind="io"/>
</LN>
<LN ID="%ID.IF6.SyncSramErrorCount" Type="DINT">
<Prod Device="$root" DPName="IF6.SyncSramErrorCount" Kind="io"/>
</LN>
<LN ID="%ID.IF6.SyncBusyErrorCount" Type="DINT">
<Prod Device="$root" DPName="IF6.SyncBusyErrorCount" Kind="io"/>
</LN>
<LN ID="%ID.IF6.SyncNoRxErrorCount" Type="DINT">
<Prod Device="$root" DPName="IF6.SyncNoRxErrorCount" Kind="io"/>
</LN>
<LN ID="%ID.IF6.SyncFormatErrorCount" Type="DINT">
<Prod Device="$root" DPName="IF6.SyncFormatErrorCount" Kind="io"/>
</LN>
<LN ID="%ID.IF6.SyncPendingErrorCount" Type="DINT">
<Prod Device="$root" DPName="IF6.SyncPendingErrorCount" Kind="io"/>
</LN>
<LN ID="%ID.IF6.AsyncErrorCount" Type="DINT">
<Prod Device="$root" DPName="IF6.AsyncErrorCount" Kind="io"/>
</LN>
<LN ID="%ID.IF6.AsyncSramErrorCount" Type="DINT">
<Prod Device="$root" DPName="IF6.AsyncSramErrorCount" Kind="io"/>
</LN>
<LN ID="%ID.IF6.AsyncBusyErrorCount" Type="DINT">
<Prod Device="$root" DPName="IF6.AsyncBusyErrorCount" Kind="io"/>
</LN>
<LN ID="%ID.IF6.AsyncNoRxErrorCount" Type="DINT">
<Prod Device="$root" DPName="IF6.AsyncNoRxErrorCount" Kind="io"/>
</LN>
<LN ID="%ID.IF6.AsyncFormatErrorCount" Type="DINT">
<Prod Device="$root" DPName="IF6.AsyncFormatErrorCount" Kind="io"/>
</LN>
<LN ID="%ID.IF6.AsyncPendingErrorCount" Type="DINT">
<Prod Device="$root" DPName="IF6.AsyncPendingErrorCount" Kind="io"/>
</LN>
<LN ID="%ID.IF6.DMALateOutputErrorCount" Type="DINT">
<Prod Device="$root" DPName="IF6.DMALateOutputErrorCount" Kind="io"/>
</LN>
<LN ID="%IB.IF6.NrOfStationsMax" Type="USINT">
<Prod Device="$root" DPName="IF6.NrOfStationsMax" Kind="io"/>
</LN>
<LN ID="%IB.IF6.NrOfStationsConfigured" Type="USINT">
<Prod Device="$root" DPName="IF6.NrOfStationsConfigured" Kind="io"/>
</LN>
<LN ID="%IB.IF6.StationAtBusEnd" Type="USINT">
<Prod Device="$root" DPName="IF6.StationAtBusEnd" Kind="io"/>
</LN>
<LN ID="%ID.IF6.StationAtBusEndChangeTime" Type="DATE_AND_TIME">
<Prod Device="$root" DPName="IF6.StationAtBusEndChangeTime" Kind="io"/>
</LN>
<LN ID="%IB.IF6.StationPastOutFrameError" Type="USINT">
<Prod Device="$root" DPName="IF6.StationPastOutFrameError" Kind="io"/>
</LN>
<LN ID="%ID.IF6.StationPastOutFrameErrorChangeTime" Type="DATE_AND_TIME">
<Prod Device="$root" DPName="IF6.StationPastOutFrameErrorChangeTime" Kind="io"/>
</LN>
<LN ID="%IB.IF6.StationPastInFrameError" Type="USINT">
<Prod Device="$root" DPName="IF6.StationPastInFrameError" Kind="io"/>
</LN>
<LN ID="%ID.IF6.StationPastInFrameErrorChangeTime" Type="DATE_AND_TIME">
<Prod Device="$root" DPName="IF6.StationPastInFrameErrorChangeTime" Kind="io"/>
</LN>
<LN ID="%ID.IF6.SyncInFrameSize" Type="DINT">
<Prod Device="$root" DPName="IF6.SyncInFrameSize" Kind="io"/>
</LN>
<LN ID="%ID.IF6.SyncOutFrameSize" Type="DINT">
<Prod Device="$root" DPName="IF6.SyncOutFrameSize" Kind="io"/>
</LN>
<LN ID="%ID.IF6.AsyncFrameSize" Type="DINT">
<Prod Device="$root" DPName="IF6.AsyncFrameSize" Kind="io"/>
</LN>
<LN ID="%ID.IF6.AsyncFrameSpareSize" Type="DINT">
<Prod Device="$root" DPName="IF6.AsyncFrameSpareSize" Kind="io"/>
</LN>
<LN ID="%ID.IF6.BusLengthConfigured" Type="DINT">
<Prod Device="$root" DPName="IF6.BusLengthConfigured" Kind="io"/>
</LN>
<LN ID="%IX.IF2.ST1.OPCUAconnetionOK" Type="BOOL">
<Prod Device="IF2.ST1" DPName="OPCUAconnetionOK" Kind="io"/>
</LN>
<LN ID="%QB.IF2.ST1.LedBlue" Type="USINT">
<Cons Device="IF2.ST1" DPName="LedBlue" Kind="io"/>
</LN>
<LN ID="%QB.IF2.ST1.LedGreen" Type="USINT">
<Cons Device="IF2.ST1" DPName="LedGreen" Kind="io"/>
</LN>
<LN ID="%QB.IF2.ST1.LedRed" Type="USINT">
<Cons Device="IF2.ST1" DPName="LedRed" Kind="io"/>
</LN>
<LN ID="%IX.X1.CurrentOverloadShutdown" Type="BOOL">
<Prod Device="X1" DPName="CurrentOverloadShutdown" Kind="io"/>
</LN>
<LN ID="%IX.X1.StatusSensorSupply" Type="BOOL">
<Prod Device="X1" DPName="StatusSensorSupply" Kind="io"/>
</LN>
<LN ID="%IX.X1.StatusIgnition" Type="BOOL">
<Prod Device="X1" DPName="StatusIgnition" Kind="io"/>
</LN>
<LN ID="%IX.X1.OutputEnabled" Type="BOOL">
<Prod Device="X1" DPName="OutputEnabled" Kind="io"/>
</LN>
<LN ID="%QX.X1.CurrentOverloadShutdownClear" Type="BOOL">
<Cons Device="X1" DPName="CurrentOverloadShutdownClear" Kind="io"/>
</LN>
<LN ID="%IW.X1.TotalCurrentPositiv" Type="INT">
<Prod Device="X1" DPName="TotalCurrentPositiv" Kind="io"/>
</LN>
<LN ID="%IW.X1.TotalCurrentNegativ" Type="INT">
<Prod Device="X1" DPName="TotalCurrentNegativ" Kind="io"/>
</LN>
<LN ID="%IW.X1.SupplyVoltageSensor01" Type="INT">
<Prod Device="X1" DPName="SupplyVoltageSensor01" Kind="io"/>
</LN>
<LN ID="%IW.X1.SupplyVoltageSensor02" Type="INT">
<Prod Device="X1" DPName="SupplyVoltageSensor02" Kind="io"/>
</LN>
<LN ID="%IW.X1.SupplyVoltageOutput01" Type="INT">
<Prod Device="X1" DPName="SupplyVoltageOutput01" Kind="io"/>
</LN>
<LN ID="%IW.X1.SupplyVoltageOutput02" Type="INT">
<Prod Device="X1" DPName="SupplyVoltageOutput02" Kind="io"/>
</LN>
<LN ID="%IW.X1.SupplyVoltageCpu" Type="INT">
<Prod Device="X1" DPName="SupplyVoltageCpu" Kind="io"/>
</LN>
<LN ID="%IW.X1.Temperature" Type="INT">
<Prod Device="X1" DPName="Temperature" Kind="io"/>
</LN>
</Links></IO>
