<?xml version="1.0"?>
<?AutomationRuntimeIOSystem Version = 1.0?>
<IOCFG xmlns="http://www.br-automation.com/AR/IO" Version="2.0">
  <Module ID="$root" Hardware="X90CP174.24-00">
    <Parameter ID="HardwareModuleName" Value="X90CP174_24_00" />
    <Parameter ID="Hardware" Value="2" />
    <Parameter ID="SimulationIPAddress" Value="127.0.0.1" />
    <Parameter ID="SimulationInaPort" Value="11160" Type="UDINT" />
    <Parameter ID="SimulationInaNodeNumber" Value="1" Type="UDINT" />
    <Parameter ID="SimulationModeOpcUa" Value="on" />
    <Parameter ID="ActivateDtmServer" Value="0" Type="UDINT" />
  </Module>
  <Module ID="IF2" Hardware="X90CP174.24-00">
    <Parameter ID="ActivateOSAFT" Value="0" />
  </Module>
  <Module ID="IF2.OPCUA" Hardware="OPCUA">
    <Parameter ID="ActivateOpcUa" Value="1" Type="INT" />
  </Module>
  <Module ID="IF2.SITEMAN" Hardware="SITEMAN">
    <Parameter ID="ActivateSiteMan" Value="1" Type="INT" />
  </Module>
  <Module ID="IF2.ST1" Hardware="6PFT50.156B-10B">
    <Parameter ID="HardwareModuleName" Value="6PFT50.156B-10B" />
    <Parameter ID="OS" Value="PPT" />
    <Parameter ID="DeviceType" Value="PFT50" />
    <Parameter ID="DeviceDir" Value="PFT50" />
    <Parameter ID="OsImageInfo" Value="PFT50Image.info" />
    <Parameter ID="TerminalParameterPrefix" Value="LXT" />
    <Parameter ID="Startmode" Value="0" />
    <Parameter ID="Mode" Value="DHCPClient" />
    <Parameter ID="ActivateDns" Value="1" />
    <Parameter ID="DnsDefaultDomain" Value="DnsSuffix" />
    <Parameter ID="DnsFromDhcp" Value="1" />
    <Parameter ID="ActivateNtpClient" Value="0" />
    <Parameter ID="ActivateDaylightSavingTime" Value="0" />
    <Parameter ID="TimeZone" Value="130" Type="UDINT" />
    <Parameter ID="Displaybrightness" Value="50" Type="UINT" />
    <Parameter ID="Screensaver" Value="0" />
    <Parameter ID="ScreenRotation" Value="0" />
    <Parameter ID="GifOffsetX" Value="0" Type="UDINT" />
    <Parameter ID="GifOffsetY" Value="0" Type="UDINT" />
    <Parameter ID="GifDelayMs" Value="0" Type="UDINT" />
    <Parameter ID="ActivateBuzzer" Value="0" />
    <Parameter ID="ActivateOpenService" Value="1" />
    <Parameter ID="PasswordVNCEncrypt" Value="0" />
    <Parameter ID="ActivateRFBext" Value="0" />
    <Parameter ID="LocalScaling" Value="0" />
    <Parameter ID="BrowserVKeyboard" Value="1" />
    <Parameter ID="DisablePinchZoom" Value="0" />
    <Parameter ID="USBmemshare" Value="0" />
    <Parameter ID="Usermemshare" Value="0" />
    <Parameter ID="PasswordCIFSEncrypt" Value="0" />
    <Parameter ID="UpdateServerType" Value="1" />
    <Parameter ID="UpdateServerFromDhcp" Value="1" />
    <Parameter ID="PasswordServiceEncrypt" Value="0" />
    <Parameter ID="ActivateOpcUaServer" Value="0" />
    <Parameter ID="PPTLogo" Value="none" />
    <Parameter ID="AnimatedBootLogo" Value="none" />
    <Parameter ID="TerminalImage" Value="none" />
    <Parameter ID="VncAuthentication" Value="0" />
    <Parameter ID="VncPortNumber" Value="5900" Type="UDINT" />
    <Parameter ID="VncMaxConnections" Value="1" Type="UINT" />
    <Parameter ID="VncRefreshRate" Value="1000" Type="UDINT" />
    <Parameter ID="VncConnectionTimeout" Value="4" Type="UDINT" />
    <Parameter ID="ANSLConnectionTypeForTerminals" Value="non-secure" />
    <Parameter ID="ConfigFileName" Value="PFT50Config" />
  </Module>
  <Module ID="IF3" Hardware="X90CP174.24-00">
    <Parameter ID="Operation" Value="EPL-V2" />
    <Parameter ID="MtuSize" Value="300" Type="UDINT" />
  </Module>
  <Module ID="IF3.PLK" Hardware="EPL-V2">
    <Parameter ID="CycleTime" Value="2000" Type="UDINT" />
    <Parameter ID="Synchron" Value="on" />
    <Parameter ID="MuxPrescaler" Value="8" Type="UDINT" />
    <Parameter ID="Mode" Value="MN" />
    <Parameter ID="NodeID" Value="240" Type="DINT" />
    <Parameter ID="AsyncTimeout" Value="25" Type="UDINT" />
    <Parameter ID="TransferOnlyActive" Value="off" />
    <Parameter ID="OutputJustInTime" Value="off" />
    <Parameter ID="BasicEthernetInServiceMode" Value="off" />
    <Parameter ID="EplNatSubnet" Value="192.168.101.0" />
    <Parameter ID="EPL_LossFrameTolerance" Value="-1" Type="DINT" />
    <Parameter ID="ApplSwDate" Value="0" Type="UDINT" />
    <Parameter ID="ApplSwTime" Value="0" Type="UDINT" />
    <Parameter ID="BusCycleTrigger" Value="auto" />
    <Parameter ID="OutputCycleTrigger" Value="auto" />
  </Module>
  <Module ID="IF6.X2X" Hardware="X2X">
    <Parameter ID="CycleTime" Value="2000" Type="UDINT" />
    <Parameter ID="Synchron" Value="on" />
    <Parameter ID="BusLength" Value="1" Type="UDINT" />
    <Parameter ID="Stations" Value="4" Type="UDINT" />
    <Parameter ID="AsyncPayload" Value="80" Type="UDINT" />
    <Parameter ID="Asymmetric" Value="off" />
    <Parameter ID="OutputJustInTime" Value="on" />
    <Parameter ID="BusCycleTrigger" Value="auto" />
    <Parameter ID="OutputCycleTrigger" Value="auto" />
  </Module>
  <Module ID="IF7.CANIO" Hardware="CANIO">
    <Parameter ID="Timeout" Value="1000" Type="UDINT" />
    <Parameter ID="Retries" Value="3" Type="UDINT" />
    <Parameter ID="Mode" Value="CANIO" />
  </Module>
  <Module ID="IF8.CANIO" Hardware="CANIO">
    <Parameter ID="Timeout" Value="1000" Type="UDINT" />
    <Parameter ID="Retries" Value="3" Type="UDINT" />
    <Parameter ID="Mode" Value="CANIO" />
  </Module>
  <Module ID="IF9.CANIO" Hardware="CANIO">
    <Parameter ID="Timeout" Value="1000" Type="UDINT" />
    <Parameter ID="Retries" Value="3" Type="UDINT" />
    <Parameter ID="Mode" Value="CANIO" />
  </Module>
  <Module ID="X1" Hardware="X1">
    <Parameter ID="HardwareModuleName" Value="X1" />
    <Parameter ID="ChannelConfig01" Value="0" />
    <Parameter ID="RealChannelConfig01" Value="0" Type="USINT" />
    <Parameter ID="ChannelConfig02" Value="0" />
    <Parameter ID="RealChannelConfig02" Value="0" Type="USINT" />
    <Parameter ID="ChannelConfig03" Value="0" />
    <Parameter ID="RealChannelConfig03" Value="0" Type="USINT" />
    <Parameter ID="ChannelConfig04" Value="0" />
    <Parameter ID="RealChannelConfig04" Value="0" Type="USINT" />
    <Parameter ID="IN1_CounterFunction01" Value="0" />
    <Parameter ID="IN1_Latch01Mode" Value="255" />
    <Parameter ID="IN1_CounterFunction02" Value="0" />
    <Parameter ID="IN1_MasterEdgeDetection01" Value="off" />
    <Parameter ID="IN1_MasterEdgeDetection02" Value="off" />
    <Parameter ID="IN1_MasterEdgeDetection03" Value="off" />
    <Parameter ID="IN1_MasterEdgeDetection04" Value="off" />
    <Parameter ID="ChannelConfig09" Value="0" />
    <Parameter ID="RealChannelConfig09" Value="0" Type="USINT" />
    <Parameter ID="ChannelConfig10" Value="0" />
    <Parameter ID="RealChannelConfig10" Value="0" Type="USINT" />
    <Parameter ID="ChannelConfig11" Value="0" />
    <Parameter ID="RealChannelConfig11" Value="0" Type="USINT" />
    <Parameter ID="ChannelConfig12" Value="0" />
    <Parameter ID="RealChannelConfig12" Value="0" Type="USINT" />
    <Parameter ID="ChannelConfig13" Value="0" />
    <Parameter ID="RealChannelConfig13" Value="0" Type="USINT" />
    <Parameter ID="ChannelConfig14" Value="0" />
    <Parameter ID="RealChannelConfig14" Value="0" Type="USINT" />
    <Parameter ID="ChannelConfig15" Value="0" />
    <Parameter ID="RealChannelConfig15" Value="0" Type="USINT" />
    <Parameter ID="ChannelConfig16" Value="0" />
    <Parameter ID="RealChannelConfig16" Value="0" Type="USINT" />
    <Parameter ID="ChannelConfig25" Value="0" />
    <Parameter ID="RealChannelConfig25" Value="0" Type="USINT" />
    <Parameter ID="ChannelConfig26" Value="0" />
    <Parameter ID="RealChannelConfig26" Value="0" Type="USINT" />
    <Parameter ID="ChannelConfig27" Value="0" />
    <Parameter ID="RealChannelConfig27" Value="0" Type="USINT" />
    <Parameter ID="ChannelConfig28" Value="0" />
    <Parameter ID="RealChannelConfig28" Value="0" Type="USINT" />
    <Parameter ID="ChannelConfig33" Value="0" />
    <Parameter ID="RealChannelConfig33" Value="0" Type="USINT" />
    <Parameter ID="ChannelConfig34" Value="0" />
    <Parameter ID="RealChannelConfig34" Value="0" Type="USINT" />
    <Parameter ID="ChannelConfig35" Value="0" />
    <Parameter ID="RealChannelConfig35" Value="0" Type="USINT" />
    <Parameter ID="ChannelConfig36" Value="0" />
    <Parameter ID="RealChannelConfig36" Value="0" Type="USINT" />
    <Parameter ID="ChannelConfig37" Value="0" />
    <Parameter ID="RealChannelConfig37" Value="0" Type="USINT" />
    <Parameter ID="ChannelConfig38" Value="0" />
    <Parameter ID="RealChannelConfig38" Value="0" Type="USINT" />
    <Parameter ID="ChannelConfig39" Value="0" />
    <Parameter ID="RealChannelConfig39" Value="0" Type="USINT" />
    <Parameter ID="ChannelConfig40" Value="0" />
    <Parameter ID="RealChannelConfig40" Value="0" Type="USINT" />
    <Parameter ID="OutputEnableConfig" Value="off" />
    <Parameter ID="SensorSupply" Value="1" Type="USINT" />
  </Module>
</IOCFG>