{"name":"widgets.brease.Line","type":"widget","meta":{"superClass":"brease.core.BaseWidget","requires":[],"mixins":[],"parents":["*"],"children":[],"inheritance":["widgets.brease.Line","brease.core.BaseWidget"],"filePath":"widgets/brease/Line/Line.js"},"methods":[{"name":"setEditable","originalName":"setEditable","read":false,"description":"<p>Sets the state of property «editable»<br/>\nUsed for «editable» binding; method is called exclusevely by the framework</p>\n","iatStudioExposed":false,"parameter":[{"name":"editable","type":"Boolean","index":0,"description":"\n","optional":false},{"name":"metaData","type":"Object","index":1,"description":"\n","optional":false}]},{"name":"SetEnable","originalName":"setEnable","read":false,"description":"<p>Sets the state of property «enable»</p>\n","iatStudioExposed":true,"parameter":[{"name":"value","type":"Boolean","index":0,"description":"\n","optional":false}]},{"name":"SetStyle","originalName":"setStyle","read":false,"description":"\n","iatStudioExposed":true,"parameter":[{"name":"value","type":"StyleReference","index":0,"description":"\n","optional":false}]},{"name":"SetVisible","originalName":"setVisible","read":false,"description":"<p>Sets the state of property «visible»</p>\n","iatStudioExposed":true,"parameter":[{"name":"value","type":"Boolean","index":0,"description":"\n","optional":false}]},{"name":"setX1","originalName":"setX1","read":false,"description":"<p>Sets x1</p>\n","iatStudioExposed":false,"parameter":[{"name":"x1","type":"Integer","index":0,"description":"\n","optional":false}]},{"name":"setX2","originalName":"setX2","read":false,"description":"<p>Sets x2</p>\n","iatStudioExposed":false,"parameter":[{"name":"x2","type":"Integer","index":0,"description":"\n","optional":false}]},{"name":"setY1","originalName":"setY1","read":false,"description":"<p>Sets y1</p>\n","iatStudioExposed":false,"parameter":[{"name":"y1","type":"Integer","index":0,"description":"\n","optional":false}]},{"name":"setY2","originalName":"setY2","read":false,"description":"<p>Sets y2</p>\n","iatStudioExposed":false,"parameter":[{"name":"y2","type":"Integer","index":0,"description":"\n","optional":false}]}],"events":[{"name":"Click","description":"<p>Fired when element is clicked on.</p>\n","parameter":[{"name":"origin","type":"String","index":0,"description":"<p>id of widget that triggered this event</p>\n\n\n\n","optional":false},{"name":"horizontalPos","type":"String","index":1,"description":"<p>horizontal position of click in pixel i.e '10px'</p>\n\n\n\n","optional":false},{"name":"verticalPos","type":"String","index":2,"description":"<p>vertical position of click in pixel i.e '10px'</p>\n\n\n\n","optional":false}]},{"name":"DisabledClick","description":"<p>Fired when disabled element is clicked on.</p>\n","parameter":[{"name":"origin","type":"String","index":0,"description":"<p>id of widget that triggered this event</p>\n","optional":false},{"name":"hasPermission","type":"Boolean","index":1,"description":"<p>defines if the state is caused due to missing</p>\n","optional":false},{"name":"horizontalPos","type":"String","index":2,"description":"<p>horizontal position of click in pixel i.e '10px'</p>\n","optional":false},{"name":"verticalPos","type":"String","index":3,"description":"<p>vertical position of click in pixel i.e '10px'\nroles of the current user</p>\n","optional":false}]},{"name":"EnableChanged","description":"<p>Fired when operability of the widget changes.</p>\n","parameter":[{"name":"value","type":"Boolean","index":0,"description":"<p>operability</p>\n\n\n\n","optional":false}]},{"name":"VisibleChanged","description":"<p>Fired when the visibility of the widget changes.</p>\n","parameter":[{"name":"value","type":"Boolean","index":0,"description":"<p>visibility</p>\n\n\n\n","optional":false}]}],"properties":[{"name":"enable","type":"Boolean","initOnly":false,"localizable":false,"editableBinding":false,"readOnly":false,"required":false,"owner":"brease.core.BaseWidget","projectable":true,"description":"Initial option to enable widget.\n","category":"Behavior","defaultValue":"true"},{"name":"permissionOperate","type":"RoleCollection","initOnly":true,"localizable":false,"editableBinding":false,"readOnly":false,"required":false,"owner":"brease.core.BaseWidget","projectable":true,"description":"restricts operability to users, which have given roles\n","category":"Accessibility"},{"name":"permissionView","type":"RoleCollection","initOnly":true,"localizable":false,"editableBinding":false,"readOnly":false,"required":false,"owner":"brease.core.BaseWidget","projectable":true,"description":"restricts visibility to users, which have given roles\n","category":"Accessibility"},{"name":"style","type":"StyleReference","initOnly":false,"localizable":false,"editableBinding":false,"readOnly":false,"required":false,"owner":"brease.core.BaseWidget","projectable":true,"description":"reference to a style for this widget type\n","category":"Appearance","defaultValue":"default"},{"name":"visible","type":"Boolean","initOnly":false,"localizable":false,"editableBinding":false,"readOnly":false,"required":false,"owner":"brease.core.BaseWidget","projectable":true,"description":"change visibility\n","category":"Behavior","defaultValue":"true"},{"name":"x1","type":"Integer","initOnly":true,"localizable":false,"editableBinding":false,"readOnly":false,"required":true,"owner":"widgets.brease.Line","projectable":true,"description":"The x1 attribute defines the start of the line on the x-axis\n","category":"Layout"},{"name":"x2","type":"Integer","initOnly":true,"localizable":false,"editableBinding":false,"readOnly":false,"required":true,"owner":"widgets.brease.Line","projectable":true,"description":"The x2 attribute defines the end of the line on the x-axis\n","category":"Layout"},{"name":"y1","type":"Integer","initOnly":true,"localizable":false,"editableBinding":false,"readOnly":false,"required":true,"owner":"widgets.brease.Line","projectable":true,"description":"The y1 attribute defines the start of the line on the y-axis\n","category":"Layout"},{"name":"y2","type":"Integer","initOnly":true,"localizable":false,"editableBinding":false,"readOnly":false,"required":true,"owner":"widgets.brease.Line","projectable":true,"description":"The y2 attribute defines the end of the line on the y-axis\n","category":"Layout"},{"name":"zIndex","type":"UInteger","description":"The zIndex property specifies the z-order of a widget and its childs.<br/>\r\n        When widgets overlap, z-order determines which one covers the other. A widget with a larger zIndex generally covers a widget with a lower one.<br/>\r\n        The zIndex must be unique within a content.<br/>","initOnly":true,"required":true,"readOnly":false,"projectable":true,"owner":"brease.core.BaseWidget","hide":false,"cssProp":true}],"dependencies":{"files":["brease/core/BaseWidget.js","libs/d3/d3.js"],"widgets":["widgets/brease/Line/Line.js"]},"categories":{"Category":["Drawing"]},"descriptions":{"short":"Grafikobjekt","de":"Zeichnet eine Linie","en":"Draws a line"},"superproperties":{"id":{"type":"WidgetId"},"enable":{"type":"Boolean"},"permissionOperate":{"type":"RoleCollection"},"permissionView":{"type":"RoleCollection"},"style":{"type":"StyleReference"},"tooltip":{"type":"String"},"visible":{"type":"Boolean"},"zIndex":{"type":"UInteger"},"left":{"type":"Integer"},"top":{"type":"Integer"},"height":{"type":"AutoSize"},"width":{"type":"AutoSize"}},"styleproperties":{"StyleProperty":[{"$":{"name":"lineColor","category":"Appearance","type":"Color","default":"#000000"},"StyleElement":[{"$":{"selector":"line","attribute":"stroke"}}],"Description":["Sets the color of the line"]},{"$":{"name":"lineWidth","category":"Appearance","type":"PixelVal","default":"1px"},"StyleElement":[{"$":{"selector":"line","attribute":"stroke-width"}}],"Description":["Sets the width of the line"]},{"$":{"name":"lineCap","category":"Appearance","type":"LineCap","default":"butt"},"StyleElement":[{"$":{"selector":"line","attribute":"stroke-linecap"}}],"Description":["Sets the type of ending of the line"]},{"$":{"name":"opacity","category":"Appearance","type":"Opacity","default":"1"},"StyleElement":[{"$":{"selector":"line","attribute":"opacity"}}],"Description":["Opacity of the widget"]},{"$":{"name":"margin","category":"Layout","type":"Margin","default":"0px"},"StyleElement":[{"$":{"attribute":"margin"}}],"Description":["Margin of the Widget"]}],"$":{}},"propertygroups":{"PropertyGroup":[{"$":{"name":"Size","type":"String","category":"Layout"},"Description":["outer height and width of widget"]},{"$":{"name":"Position","type":"String","category":"Layout"},"Description":["top and left of widget"]}]}}