﻿<?xml version="1.0" encoding="utf-8"?><ArrayOfString xmlns:xsi="http://www.w3.org/2001/XMLSchema-instance" xmlns:xsd="http://www.w3.org/2001/XMLSchema"><string>C:\Users\adminl\Documents\GitHub\SN22_SFL4_2122\Projets perso\Axel\EmuManitou220128\Temp\Objects\Config1\X90CP174_24_00\.mappView/data/wwwRoot/BRVisu/css/types\Area_default.scss.css</string><string>C:\Users\adminl\Documents\GitHub\SN22_SFL4_2122\Projets perso\Axel\EmuManitou220128\Temp\Objects\Config1\X90CP174_24_00\.mappView/data/wwwRoot/BRVisu/css/types\Body_default.scss.css</string><string>C:\Users\adminl\Documents\GitHub\SN22_SFL4_2122\Projets perso\Axel\EmuManitou220128\Temp\Objects\Config1\X90CP174_24_00\.mappView/data/wwwRoot/BRVisu/css/types\Dialog_default.scss.css</string><string>C:\Users\adminl\Documents\GitHub\SN22_SFL4_2122\Projets perso\Axel\EmuManitou220128\Temp\Objects\Config1\X90CP174_24_00\.mappView/data/wwwRoot/BRVisu/css/types\MessageBox_default.scss.css</string><string>C:\Users\adminl\Documents\GitHub\SN22_SFL4_2122\Projets perso\Axel\EmuManitou220128\Temp\Objects\Config1\X90CP174_24_00\.mappView/data/wwwRoot/BRVisu/css/types\ModalDimmer_default.scss.css</string><string>C:\Users\adminl\Documents\GitHub\SN22_SFL4_2122\Projets perso\Axel\EmuManitou220128\Temp\Objects\Config1\X90CP174_24_00\.mappView/data/wwwRoot/BRVisu/css/types\Page_default.scss.css</string><string>C:\Users\adminl\Documents\GitHub\SN22_SFL4_2122\Projets perso\Axel\EmuManitou220128\Temp\Objects\Config1\X90CP174_24_00\.mappView/data/wwwRoot/BRVisu/css/types\Scrollbar_default.scss.css</string><string>C:\Users\adminl\Documents\GitHub\SN22_SFL4_2122\Projets perso\Axel\EmuManitou220128\Temp\Objects\Config1\X90CP174_24_00\.mappView/data/wwwRoot/BRVisu/css/types\StartupProgressBar_default.scss.css</string><string>C:\Users\adminl\Documents\GitHub\SN22_SFL4_2122\Projets perso\Axel\EmuManitou220128\Temp\Objects\Config1\X90CP174_24_00\.mappView/data/wwwRoot/BRVisu/css/types\Tooltip_default.scss.css</string><string>C:\Users\adminl\Documents\GitHub\SN22_SFL4_2122\Projets perso\Axel\EmuManitou220128\Temp\Objects\Config1\X90CP174_24_00\.mappView/data/wwwRoot/BRVisu\Media/LogoManitou.png</string><string>C:\Users\adminl\Documents\GitHub\SN22_SFL4_2122\Projets perso\Axel\EmuManitou220128\Temp\Objects\Config1\X90CP174_24_00\.mappView/data/wwwRoot/BRVisu\Media/Batterie gris.png</string><string>C:\Users\adminl\Documents\GitHub\SN22_SFL4_2122\Projets perso\Axel\EmuManitou220128\Temp\Objects\Config1\X90CP174_24_00\.mappView/data/wwwRoot/BRVisu\Media/batterie.png</string><string>C:\Users\adminl\Documents\GitHub\SN22_SFL4_2122\Projets perso\Axel\EmuManitou220128\Temp\Objects\Config1\X90CP174_24_00\.mappView/data/wwwRoot/BRVisu\Media/ceinture.png</string><string>C:\Users\adminl\Documents\GitHub\SN22_SFL4_2122\Projets perso\Axel\EmuManitou220128\Temp\Objects\Config1\X90CP174_24_00\.mappView/data/wwwRoot/BRVisu\Media/ceinture_gris.png</string><string>C:\Users\adminl\Documents\GitHub\SN22_SFL4_2122\Projets perso\Axel\EmuManitou220128\Temp\Objects\Config1\X90CP174_24_00\.mappView/data/wwwRoot/BRVisu\Media/défaut moteur.png</string><string>C:\Users\adminl\Documents\GitHub\SN22_SFL4_2122\Projets perso\Axel\EmuManitou220128\Temp\Objects\Config1\X90CP174_24_00\.mappView/data/wwwRoot/BRVisu\Media/Engine emission system failure.png</string><string>C:\Users\adminl\Documents\GitHub\SN22_SFL4_2122\Projets perso\Axel\EmuManitou220128\Temp\Objects\Config1\X90CP174_24_00\.mappView/data/wwwRoot/BRVisu\Media/Engine emission system temperature.png</string><string>C:\Users\adminl\Documents\GitHub\SN22_SFL4_2122\Projets perso\Axel\EmuManitou220128\Temp\Objects\Config1\X90CP174_24_00\.mappView/data/wwwRoot/BRVisu\Media/Engine emissions filter disable.png</string><string>C:\Users\adminl\Documents\GitHub\SN22_SFL4_2122\Projets perso\Axel\EmuManitou220128\Temp\Objects\Config1\X90CP174_24_00\.mappView/data/wwwRoot/BRVisu\Media/engine intake air filter.png</string><string>C:\Users\adminl\Documents\GitHub\SN22_SFL4_2122\Projets perso\Axel\EmuManitou220128\Temp\Objects\Config1\X90CP174_24_00\.mappView/data/wwwRoot/BRVisu\Media/Engine lubricating oil pressure gris.png</string><string>C:\Users\adminl\Documents\GitHub\SN22_SFL4_2122\Projets perso\Axel\EmuManitou220128\Temp\Objects\Config1\X90CP174_24_00\.mappView/data/wwwRoot/BRVisu\Media/Engine lubricating oil pressure.png</string><string>C:\Users\adminl\Documents\GitHub\SN22_SFL4_2122\Projets perso\Axel\EmuManitou220128\Temp\Objects\Config1\X90CP174_24_00\.mappView/data/wwwRoot/BRVisu\Media/Engine stop gris.png</string><string>C:\Users\adminl\Documents\GitHub\SN22_SFL4_2122\Projets perso\Axel\EmuManitou220128\Temp\Objects\Config1\X90CP174_24_00\.mappView/data/wwwRoot/BRVisu\Media/Engine stop.png</string><string>C:\Users\adminl\Documents\GitHub\SN22_SFL4_2122\Projets perso\Axel\EmuManitou220128\Temp\Objects\Config1\X90CP174_24_00\.mappView/data/wwwRoot/BRVisu\Media/Essence.png</string><string>C:\Users\adminl\Documents\GitHub\SN22_SFL4_2122\Projets perso\Axel\EmuManitou220128\Temp\Objects\Config1\X90CP174_24_00\.mappView/data/wwwRoot/BRVisu\Media/essenec réserve.png</string><string>C:\Users\adminl\Documents\GitHub\SN22_SFL4_2122\Projets perso\Axel\EmuManitou220128\Temp\Objects\Config1\X90CP174_24_00\.mappView/data/wwwRoot/BRVisu\Media/feu croisement gris.png</string><string>C:\Users\adminl\Documents\GitHub\SN22_SFL4_2122\Projets perso\Axel\EmuManitou220128\Temp\Objects\Config1\X90CP174_24_00\.mappView/data/wwwRoot/BRVisu\Media/fleche bas.png</string><string>C:\Users\adminl\Documents\GitHub\SN22_SFL4_2122\Projets perso\Axel\EmuManitou220128\Temp\Objects\Config1\X90CP174_24_00\.mappView/data/wwwRoot/BRVisu\Media/fleche grise droite.png</string><string>C:\Users\adminl\Documents\GitHub\SN22_SFL4_2122\Projets perso\Axel\EmuManitou220128\Temp\Objects\Config1\X90CP174_24_00\.mappView/data/wwwRoot/BRVisu\Media/fleche grise gauche.png</string><string>C:\Users\adminl\Documents\GitHub\SN22_SFL4_2122\Projets perso\Axel\EmuManitou220128\Temp\Objects\Config1\X90CP174_24_00\.mappView/data/wwwRoot/BRVisu\Media/fleche grise.png</string><string>C:\Users\adminl\Documents\GitHub\SN22_SFL4_2122\Projets perso\Axel\EmuManitou220128\Temp\Objects\Config1\X90CP174_24_00\.mappView/data/wwwRoot/BRVisu\Media/fleche haut.png</string><string>C:\Users\adminl\Documents\GitHub\SN22_SFL4_2122\Projets perso\Axel\EmuManitou220128\Temp\Objects\Config1\X90CP174_24_00\.mappView/data/wwwRoot/BRVisu\Media/fleche rouge.png</string><string>C:\Users\adminl\Documents\GitHub\SN22_SFL4_2122\Projets perso\Axel\EmuManitou220128\Temp\Objects\Config1\X90CP174_24_00\.mappView/data/wwwRoot/BRVisu\Media/Hydraulic oil filter.png</string><string>C:\Users\adminl\Documents\GitHub\SN22_SFL4_2122\Projets perso\Axel\EmuManitou220128\Temp\Objects\Config1\X90CP174_24_00\.mappView/data/wwwRoot/BRVisu\Media/liquide de frein gris.png</string><string>C:\Users\adminl\Documents\GitHub\SN22_SFL4_2122\Projets perso\Axel\EmuManitou220128\Temp\Objects\Config1\X90CP174_24_00\.mappView/data/wwwRoot/BRVisu\Media/liquide refroidissement gris.png</string><string>C:\Users\adminl\Documents\GitHub\SN22_SFL4_2122\Projets perso\Axel\EmuManitou220128\Temp\Objects\Config1\X90CP174_24_00\.mappView/data/wwwRoot/BRVisu\Media/liquide refroidissement.png</string><string>C:\Users\adminl\Documents\GitHub\SN22_SFL4_2122\Projets perso\Axel\EmuManitou220128\Temp\Objects\Config1\X90CP174_24_00\.mappView/data/wwwRoot/BRVisu\Media/LogoManitouGroup.png</string><string>C:\Users\adminl\Documents\GitHub\SN22_SFL4_2122\Projets perso\Axel\EmuManitou220128\Temp\Objects\Config1\X90CP174_24_00\.mappView/data/wwwRoot/BRVisu\Media/ParkGris.png</string><string>C:\Users\adminl\Documents\GitHub\SN22_SFL4_2122\Projets perso\Axel\EmuManitou220128\Temp\Objects\Config1\X90CP174_24_00\.mappView/data/wwwRoot/BRVisu\Media/path10046.png</string><string>C:\Users\adminl\Documents\GitHub\SN22_SFL4_2122\Projets perso\Axel\EmuManitou220128\Temp\Objects\Config1\X90CP174_24_00\.mappView/data/wwwRoot/BRVisu\Media/path14849.png</string><string>C:\Users\adminl\Documents\GitHub\SN22_SFL4_2122\Projets perso\Axel\EmuManitou220128\Temp\Objects\Config1\X90CP174_24_00\.mappView/data/wwwRoot/BRVisu\Media/path3600.png</string><string>C:\Users\adminl\Documents\GitHub\SN22_SFL4_2122\Projets perso\Axel\EmuManitou220128\Temp\Objects\Config1\X90CP174_24_00\.mappView/data/wwwRoot/BRVisu\Media/path9079.png</string><string>C:\Users\adminl\Documents\GitHub\SN22_SFL4_2122\Projets perso\Axel\EmuManitou220128\Temp\Objects\Config1\X90CP174_24_00\.mappView/data/wwwRoot/BRVisu\Media/path9505.png</string><string>C:\Users\adminl\Documents\GitHub\SN22_SFL4_2122\Projets perso\Axel\EmuManitou220128\Temp\Objects\Config1\X90CP174_24_00\.mappView/data/wwwRoot/BRVisu\Media/plein phare gris.png</string><string>C:\Users\adminl\Documents\GitHub\SN22_SFL4_2122\Projets perso\Axel\EmuManitou220128\Temp\Objects\Config1\X90CP174_24_00\.mappView/data/wwwRoot/BRVisu\Media/probleme huile moteur gris.png</string><string>C:\Users\adminl\Documents\GitHub\SN22_SFL4_2122\Projets perso\Axel\EmuManitou220128\Temp\Objects\Config1\X90CP174_24_00\.mappView/data/wwwRoot/BRVisu\Media/probleme huile moteur.png</string><string>C:\Users\adminl\Documents\GitHub\SN22_SFL4_2122\Projets perso\Axel\EmuManitou220128\Temp\Objects\Config1\X90CP174_24_00\.mappView/data/wwwRoot/BRVisu\Media/Thumbs.db</string><string>C:\Users\adminl\Documents\GitHub\SN22_SFL4_2122\Projets perso\Axel\EmuManitou220128\Temp\Objects\Config1\X90CP174_24_00\.mappView/data/wwwRoot/BRVisu\Media/tmp moteur gris.png</string><string>C:\Users\adminl\Documents\GitHub\SN22_SFL4_2122\Projets perso\Axel\EmuManitou220128\Temp\Objects\Config1\X90CP174_24_00\.mappView/data/wwwRoot/BRVisu\Media/truc moteur.png</string><string>C:\Users\adminl\Documents\GitHub\SN22_SFL4_2122\Projets perso\Axel\EmuManitou220128\Temp\Objects\Config1\X90CP174_24_00\.mappView/data/wwwRoot/BRVisu\Media/truc.png</string><string>C:\Users\adminl\Documents\GitHub\SN22_SFL4_2122\Projets perso\Axel\EmuManitou220128\Temp\Objects\Config1\X90CP174_24_00\.mappView/data/wwwRoot/BRVisu\Media/téléchargement.png</string><string>C:\Users\adminl\Documents\GitHub\SN22_SFL4_2122\Projets perso\Axel\EmuManitou220128\Temp\Objects\Config1\X90CP174_24_00\.mappView/data/wwwRoot/BRVisu\Media/yukipon140100012.jpg</string><string>C:\Users\adminl\Documents\GitHub\SN22_SFL4_2122\Projets perso\Axel\EmuManitou220128\Temp\Objects\Config1\X90CP174_24_00\IAT_MEDIA.job</string><string>C:\Users\adminl\Documents\GitHub\SN22_SFL4_2122\Projets perso\Axel\EmuManitou220128\Temp\Objects\Config1\X90CP174_24_00\.mappView/data/wwwRoot\Training.json</string><string>C:\Users\adminl\Documents\GitHub\SN22_SFL4_2122\Projets perso\Axel\EmuManitou220128\Temp\Objects\Config1\X90CP174_24_00\.mappView/data/wwwRoot\contents/mappView/ContentMainPage.html</string><string>C:\Users\adminl\Documents\GitHub\SN22_SFL4_2122\Projets perso\Axel\EmuManitou220128\Temp\Objects\Config1\X90CP174_24_00\.mappView/data/wwwRoot/BRVisu/css/pages\MAPPVIEW\VISUALIZATION\PAGES\MAINPAGE\CONTENTMAINPAGE.scss</string><string>C:\Users\adminl\Documents\GitHub\SN22_SFL4_2122\Projets perso\Axel\EmuManitou220128\Temp\Objects\Config1\X90CP174_24_00\.mappView/data/wwwRoot\contents/mappView/ContentMainPage._markerfile</string><string>C:\Users\adminl\Documents\GitHub\SN22_SFL4_2122\Projets perso\Axel\EmuManitou220128\Temp\Objects\Config1\X90CP174_24_00\.mappView/data/wwwRoot/BRVisu/css/pages\MAPPVIEW\VISUALIZATION\PAGES\MAINPAGE\CONTENTMAINPAGE.scss.css</string><string>C:\Users\adminl\Documents\GitHub\SN22_SFL4_2122\Projets perso\Axel\EmuManitou220128\Temp\Objects\Config1\X90CP174_24_00\.mappView/data/wwwRoot\contents/mappView/ContentTop.html</string><string>C:\Users\adminl\Documents\GitHub\SN22_SFL4_2122\Projets perso\Axel\EmuManitou220128\Temp\Objects\Config1\X90CP174_24_00\.mappView/data/wwwRoot/BRVisu/css/pages\MAPPVIEW\VISUALIZATION\PAGES\AREACONTENTS\CONTENTTOP.scss</string><string>C:\Users\adminl\Documents\GitHub\SN22_SFL4_2122\Projets perso\Axel\EmuManitou220128\Temp\Objects\Config1\X90CP174_24_00\.mappView/data/wwwRoot\contents/mappView/ContentTop._markerfile</string><string>C:\Users\adminl\Documents\GitHub\SN22_SFL4_2122\Projets perso\Axel\EmuManitou220128\Temp\Objects\Config1\X90CP174_24_00\.mappView/data/wwwRoot/BRVisu/css/pages\MAPPVIEW\VISUALIZATION\PAGES\AREACONTENTS\CONTENTTOP.scss.css</string><string>C:\Users\adminl\Documents\GitHub\SN22_SFL4_2122\Projets perso\Axel\EmuManitou220128\Temp\Objects\Config1\X90CP174_24_00\.mappView/data/wwwRoot\contents/mappView/contentLeftMainPage.html</string><string>C:\Users\adminl\Documents\GitHub\SN22_SFL4_2122\Projets perso\Axel\EmuManitou220128\Temp\Objects\Config1\X90CP174_24_00\.mappView/data/wwwRoot/BRVisu/css/pages\MAPPVIEW\VISUALIZATION\PAGES\MAINPAGE\CONTENTLEFTMAINPAGE.scss</string><string>C:\Users\adminl\Documents\GitHub\SN22_SFL4_2122\Projets perso\Axel\EmuManitou220128\Temp\Objects\Config1\X90CP174_24_00\.mappView/data/wwwRoot\contents/mappView/contentLeftMainPage._markerfile</string><string>C:\Users\adminl\Documents\GitHub\SN22_SFL4_2122\Projets perso\Axel\EmuManitou220128\Temp\Objects\Config1\X90CP174_24_00\.mappView/data/wwwRoot/BRVisu/css/pages\MAPPVIEW\VISUALIZATION\PAGES\MAINPAGE\CONTENTLEFTMAINPAGE.scss.css</string><string>C:\Users\adminl\Documents\GitHub\SN22_SFL4_2122\Projets perso\Axel\EmuManitou220128\Temp\Objects\Config1\X90CP174_24_00\.mappView/data/wwwRoot\contents/mappView/contentTramesEmisesSPU.html</string><string>C:\Users\adminl\Documents\GitHub\SN22_SFL4_2122\Projets perso\Axel\EmuManitou220128\Temp\Objects\Config1\X90CP174_24_00\.mappView/data/wwwRoot/BRVisu/css/pages\MAPPVIEW\VISUALIZATION\PAGES\PAGETRAMESEMISES\CONTENTTRAMESEMISESSPU.scss</string><string>C:\Users\adminl\Documents\GitHub\SN22_SFL4_2122\Projets perso\Axel\EmuManitou220128\Temp\Objects\Config1\X90CP174_24_00\.mappView/data/wwwRoot\contents/mappView/contentTramesEmisesSPU._markerfile</string><string>C:\Users\adminl\Documents\GitHub\SN22_SFL4_2122\Projets perso\Axel\EmuManitou220128\Temp\Objects\Config1\X90CP174_24_00\.mappView/data/wwwRoot/BRVisu/css/pages\MAPPVIEW\VISUALIZATION\PAGES\PAGETRAMESEMISES\CONTENTTRAMESEMISESSPU.scss.css</string><string>C:\Users\adminl\Documents\GitHub\SN22_SFL4_2122\Projets perso\Axel\EmuManitou220128\Temp\Objects\Config1\X90CP174_24_00\.mappView/data/wwwRoot\contents/mappView/contentLeftTramesEmises.html</string><string>C:\Users\adminl\Documents\GitHub\SN22_SFL4_2122\Projets perso\Axel\EmuManitou220128\Temp\Objects\Config1\X90CP174_24_00\.mappView/data/wwwRoot/BRVisu/css/pages\MAPPVIEW\VISUALIZATION\PAGES\PAGETRAMESEMISES\CONTENTLEFTTRAMESEMISES.scss</string><string>C:\Users\adminl\Documents\GitHub\SN22_SFL4_2122\Projets perso\Axel\EmuManitou220128\Temp\Objects\Config1\X90CP174_24_00\.mappView/data/wwwRoot\contents/mappView/contentLeftTramesEmises._markerfile</string><string>C:\Users\adminl\Documents\GitHub\SN22_SFL4_2122\Projets perso\Axel\EmuManitou220128\Temp\Objects\Config1\X90CP174_24_00\.mappView/data/wwwRoot/BRVisu/css/pages\MAPPVIEW\VISUALIZATION\PAGES\PAGETRAMESEMISES\CONTENTLEFTTRAMESEMISES.scss.css</string><string>C:\Users\adminl\Documents\GitHub\SN22_SFL4_2122\Projets perso\Axel\EmuManitou220128\Temp\Objects\Config1\X90CP174_24_00\.mappView/data/wwwRoot\contents/mappView/contentTramesRecuesHMI.html</string><string>C:\Users\adminl\Documents\GitHub\SN22_SFL4_2122\Projets perso\Axel\EmuManitou220128\Temp\Objects\Config1\X90CP174_24_00\.mappView/data/wwwRoot/BRVisu/css/pages\MAPPVIEW\VISUALIZATION\PAGES\PAGETRAMESRECUES\CONTENTTRAMESRECUEHMI.scss</string><string>C:\Users\adminl\Documents\GitHub\SN22_SFL4_2122\Projets perso\Axel\EmuManitou220128\Temp\Objects\Config1\X90CP174_24_00\.mappView/data/wwwRoot\contents/mappView/contentTramesRecuesHMI._markerfile</string><string>C:\Users\adminl\Documents\GitHub\SN22_SFL4_2122\Projets perso\Axel\EmuManitou220128\Temp\Objects\Config1\X90CP174_24_00\.mappView/data/wwwRoot/BRVisu/css/pages\MAPPVIEW\VISUALIZATION\PAGES\PAGETRAMESRECUES\CONTENTTRAMESRECUEHMI.scss.css</string><string>C:\Users\adminl\Documents\GitHub\SN22_SFL4_2122\Projets perso\Axel\EmuManitou220128\Temp\Objects\Config1\X90CP174_24_00\.mappView/data/wwwRoot\contents/mappView/contentLeftTramesRecues.html</string><string>C:\Users\adminl\Documents\GitHub\SN22_SFL4_2122\Projets perso\Axel\EmuManitou220128\Temp\Objects\Config1\X90CP174_24_00\.mappView/data/wwwRoot/BRVisu/css/pages\MAPPVIEW\VISUALIZATION\PAGES\PAGETRAMESRECUES\CONTENTLEFTTRAMESRECUES.scss</string><string>C:\Users\adminl\Documents\GitHub\SN22_SFL4_2122\Projets perso\Axel\EmuManitou220128\Temp\Objects\Config1\X90CP174_24_00\.mappView/data/wwwRoot\contents/mappView/contentLeftTramesRecues._markerfile</string><string>C:\Users\adminl\Documents\GitHub\SN22_SFL4_2122\Projets perso\Axel\EmuManitou220128\Temp\Objects\Config1\X90CP174_24_00\.mappView/data/wwwRoot/BRVisu/css/pages\MAPPVIEW\VISUALIZATION\PAGES\PAGETRAMESRECUES\CONTENTLEFTTRAMESRECUES.scss.css</string><string>C:\Users\adminl\Documents\GitHub\SN22_SFL4_2122\Projets perso\Axel\EmuManitou220128\Temp\Objects\Config1\X90CP174_24_00\.mappView/data/wwwRoot\contents/mappView/IHM_Content.html</string><string>C:\Users\adminl\Documents\GitHub\SN22_SFL4_2122\Projets perso\Axel\EmuManitou220128\Temp\Objects\Config1\X90CP174_24_00\.mappView/data/wwwRoot/BRVisu/css/pages\MAPPVIEW\VISUALIZATION\PAGES\PAGEIHM\IHMCONTENT.scss</string><string>C:\Users\adminl\Documents\GitHub\SN22_SFL4_2122\Projets perso\Axel\EmuManitou220128\Temp\Objects\Config1\X90CP174_24_00\.mappView/data/wwwRoot\contents/mappView/IHM_Content._markerfile</string><string>C:\Users\adminl\Documents\GitHub\SN22_SFL4_2122\Projets perso\Axel\EmuManitou220128\Temp\Objects\Config1\X90CP174_24_00\.mappView/data/wwwRoot/BRVisu/css/pages\MAPPVIEW\VISUALIZATION\PAGES\PAGEIHM\IHMCONTENT.scss.css</string><string>C:\Users\adminl\Documents\GitHub\SN22_SFL4_2122\Projets perso\Axel\EmuManitou220128\Temp\Objects\Config1\X90CP174_24_00\.mappView/data/wwwRoot\contents/mappView/contentLeftIHM.html</string><string>C:\Users\adminl\Documents\GitHub\SN22_SFL4_2122\Projets perso\Axel\EmuManitou220128\Temp\Objects\Config1\X90CP174_24_00\.mappView/data/wwwRoot/BRVisu/css/pages\MAPPVIEW\VISUALIZATION\PAGES\PAGEIHM\CONTENTLEFTIHM.scss</string><string>C:\Users\adminl\Documents\GitHub\SN22_SFL4_2122\Projets perso\Axel\EmuManitou220128\Temp\Objects\Config1\X90CP174_24_00\.mappView/data/wwwRoot\contents/mappView/contentLeftIHM._markerfile</string><string>C:\Users\adminl\Documents\GitHub\SN22_SFL4_2122\Projets perso\Axel\EmuManitou220128\Temp\Objects\Config1\X90CP174_24_00\.mappView/data/wwwRoot/BRVisu/css/pages\MAPPVIEW\VISUALIZATION\PAGES\PAGEIHM\CONTENTLEFTIHM.scss.css</string><string>C:\Users\adminl\Documents\GitHub\SN22_SFL4_2122\Projets perso\Axel\EmuManitou220128\Temp\Objects\Config1\X90CP174_24_00\.mappView/data/wwwRoot\contents/mappView/contentTramesEmisesMotor.html</string><string>C:\Users\adminl\Documents\GitHub\SN22_SFL4_2122\Projets perso\Axel\EmuManitou220128\Temp\Objects\Config1\X90CP174_24_00\.mappView/data/wwwRoot/BRVisu/css/pages\MAPPVIEW\VISUALIZATION\PAGES\PAGETRAMESEMISES\CONTENTTRAMESEMISESMOTOR.scss</string><string>C:\Users\adminl\Documents\GitHub\SN22_SFL4_2122\Projets perso\Axel\EmuManitou220128\Temp\Objects\Config1\X90CP174_24_00\.mappView/data/wwwRoot\contents/mappView/contentTramesEmisesMotor._markerfile</string><string>C:\Users\adminl\Documents\GitHub\SN22_SFL4_2122\Projets perso\Axel\EmuManitou220128\Temp\Objects\Config1\X90CP174_24_00\.mappView/data/wwwRoot/BRVisu/css/pages\MAPPVIEW\VISUALIZATION\PAGES\PAGETRAMESEMISES\CONTENTTRAMESEMISESMOTOR.scss.css</string><string>C:\Users\adminl\Documents\GitHub\SN22_SFL4_2122\Projets perso\Axel\EmuManitou220128\Temp\Objects\Config1\X90CP174_24_00\.mappView/data/wwwRoot\contents/mappView/contentTramesEmisesIV.html</string><string>C:\Users\adminl\Documents\GitHub\SN22_SFL4_2122\Projets perso\Axel\EmuManitou220128\Temp\Objects\Config1\X90CP174_24_00\.mappView/data/wwwRoot/BRVisu/css/pages\MAPPVIEW\VISUALIZATION\PAGES\PAGETRAMESEMISES\CONTENTTRAMESEMISESIV.scss</string><string>C:\Users\adminl\Documents\GitHub\SN22_SFL4_2122\Projets perso\Axel\EmuManitou220128\Temp\Objects\Config1\X90CP174_24_00\.mappView/data/wwwRoot\contents/mappView/contentTramesEmisesIV._markerfile</string><string>C:\Users\adminl\Documents\GitHub\SN22_SFL4_2122\Projets perso\Axel\EmuManitou220128\Temp\Objects\Config1\X90CP174_24_00\.mappView/data/wwwRoot/BRVisu/css/pages\MAPPVIEW\VISUALIZATION\PAGES\PAGETRAMESEMISES\CONTENTTRAMESEMISESIV.scss.css</string><string>C:\Users\adminl\Documents\GitHub\SN22_SFL4_2122\Projets perso\Axel\EmuManitou220128\Temp\Objects\Config1\X90CP174_24_00\.mappView\data\server\contentTramesEmisesMotor_binding.binding</string><string>C:\Users\adminl\Documents\GitHub\SN22_SFL4_2122\Projets perso\Axel\EmuManitou220128\Temp\Objects\Config1\X90CP174_24_00\.mappView\data\server\contentTramesRecuesHMI_binding.binding</string><string>C:\Users\adminl\Documents\GitHub\SN22_SFL4_2122\Projets perso\Axel\EmuManitou220128\Temp\Objects\Config1\X90CP174_24_00\.mappView\data\server\contentTramesEmisesSPU_binding.binding</string><string>C:\Users\adminl\Documents\GitHub\SN22_SFL4_2122\Projets perso\Axel\EmuManitou220128\Temp\Objects\Config1\X90CP174_24_00\.mappView\data\server\-1339811482.eventbinding</string><string>C:\Users\adminl\Documents\GitHub\SN22_SFL4_2122\Projets perso\Axel\EmuManitou220128\Temp\Objects\Config1\X90CP174_24_00\.mappView/data/wwwRoot/BRVisu/css\Themes\BuRTheme1\BuRTheme1StyleSet\BuRTheme1defaultStyles.scss</string><string>C:\Users\adminl\Documents\GitHub\SN22_SFL4_2122\Projets perso\Axel\EmuManitou220128\Temp\Objects\Config1\X90CP174_24_00\.mappView/data/wwwRoot/BRVisu/css\Themes\BuRTheme1\BuRTheme1StyleSet\BuRTheme1systemStyles.scss</string><string>C:\Users\adminl\Documents\GitHub\SN22_SFL4_2122\Projets perso\Axel\EmuManitou220128\Temp\Objects\Config1\X90CP174_24_00\.mappView/data/wwwRoot/BRVisu/css\Themes\BuRTheme1\BuRTheme1StyleSet\BuRTheme1buttonStyles.scss</string><string>C:\Users\adminl\Documents\GitHub\SN22_SFL4_2122\Projets perso\Axel\EmuManitou220128\Temp\Objects\Config1\X90CP174_24_00\.mappView/data/wwwRoot/BRVisu/css\Themes\BuRTheme1\BuRTheme1StyleSet\BuRTheme1commonStyles.scss</string><string>C:\Users\adminl\Documents\GitHub\SN22_SFL4_2122\Projets perso\Axel\EmuManitou220128\Temp\Objects\Config1\X90CP174_24_00\.mappView/data/wwwRoot/BRVisu/css\Themes\BuRTheme1\BuRTheme1StyleSet\BuRTheme1containerStyles.scss</string><string>C:\Users\adminl\Documents\GitHub\SN22_SFL4_2122\Projets perso\Axel\EmuManitou220128\Temp\Objects\Config1\X90CP174_24_00\.mappView/data/wwwRoot/BRVisu/css\Themes\BuRTheme1\BuRTheme1StyleSet\BuRTheme1labelTextsStyles.scss</string><string>C:\Users\adminl\Documents\GitHub\SN22_SFL4_2122\Projets perso\Axel\EmuManitou220128\Temp\Objects\Config1\X90CP174_24_00\.mappView/data/wwwRoot/BRVisu/css\Themes\BuRTheme1\BuRTheme1StyleSet\BuRTheme1numericStyles.scss</string><string>C:\Users\adminl\Documents\GitHub\SN22_SFL4_2122\Projets perso\Axel\EmuManitou220128\Temp\Objects\Config1\X90CP174_24_00\.mappView/data/wwwRoot/BRVisu/css\Themes\BuRTheme1\BuRTheme1StyleSet\BuRTheme1graphicStyles.scss</string><string>C:\Users\adminl\Documents\GitHub\SN22_SFL4_2122\Projets perso\Axel\EmuManitou220128\Temp\Objects\Config1\X90CP174_24_00\.mappView/data/wwwRoot/BRVisu/css\Themes\BuRTheme1\BuRTheme1StyleSet\BuRTheme1chartStyles.scss</string><string>C:\Users\adminl\Documents\GitHub\SN22_SFL4_2122\Projets perso\Axel\EmuManitou220128\Temp\Objects\Config1\X90CP174_24_00\.mappView/data/wwwRoot/BRVisu/css\Themes\BuRTheme1\BuRTheme1StyleSet\BuRTheme1sequencerStyles.scss</string><string>C:\Users\adminl\Documents\GitHub\SN22_SFL4_2122\Projets perso\Axel\EmuManitou220128\Temp\Objects\Config1\X90CP174_24_00\.mappView/data/wwwRoot/BRVisu/css\Themes\BuRTheme1\BuRTheme1StyleSet\BuRTheme1ListStyles.scss</string><string>C:\Users\adminl\Documents\GitHub\SN22_SFL4_2122\Projets perso\Axel\EmuManitou220128\Temp\Objects\Config1\X90CP174_24_00\.mappView/data/wwwRoot/BRVisu/release\BuRTheme1.min.css</string><string>C:\Users\adminl\Documents\GitHub\SN22_SFL4_2122\Projets perso\Axel\EmuManitou220128\Temp\Objects\Config1\X90CP174_24_00\.mappView/data/server\__SystemVariables.sessionVar</string><string>C:\Users\adminl\Documents\GitHub\SN22_SFL4_2122\Projets perso\Axel\EmuManitou220128\Temp\Objects\Config1\X90CP174_24_00\.mappView/data/server\Training.vis</string><string>C:\Users\adminl\Documents\GitHub\SN22_SFL4_2122\Projets perso\Axel\EmuManitou220128\Temp\Objects\Config1\X90CP174_24_00\.mappView/data/server\Config.mappviewcfg</string></ArrayOfString>