{"startPage":"MainPage","startTheme":"BuRTheme1","pages":{"MainPage":{"layout":"MyLayout","assignments":[{"areaId":"AreaMain","contentId":"ContentMainPage","type":"Content","backColor":"rgba(211, 211, 211, 1)"},{"areaId":"AreaTop","contentId":"ContentTop","type":"Content","backColor":"rgba(227, 6, 19, 1)"},{"areaId":"AreaLeft","contentId":"contentLeftMainPage","type":"Content","backColor":"rgba(128, 128, 128, 1)"}]},"pageTramesEmises":{"layout":"MyLayout","assignments":[{"areaId":"AreaTop","contentId":"ContentTop","type":"Content","backColor":"rgba(227, 6, 19, 1)"},{"areaId":"AreaMain","contentId":"contentTramesEmisesSPU","type":"Content","backColor":"rgba(211, 211, 211, 1)"},{"areaId":"AreaLeft","contentId":"contentLeftTramesEmises","type":"Content","backColor":"rgba(128, 128, 128, 1)"}]},"pageTramesRecues":{"layout":"MyLayout","assignments":[{"areaId":"AreaTop","contentId":"ContentTop","type":"Content","backColor":"rgba(227, 6, 19, 1)"},{"areaId":"AreaMain","contentId":"contentTramesRecuesHMI","type":"Content","backColor":"rgba(211, 211, 211, 1)"},{"areaId":"AreaLeft","contentId":"contentLeftTramesRecues","type":"Content","backColor":"rgba(128, 128, 128, 1)"}]},"pageIHM":{"layout":"MyLayout","assignments":[{"areaId":"AreaTop","contentId":"ContentTop","type":"Content","backColor":"rgba(227, 6, 19, 1)"},{"areaId":"AreaMain","contentId":"IHM_Content","type":"Content","backColor":"rgba(255, 255, 255, 1)"},{"areaId":"AreaLeft","contentId":"contentLeftIHM","type":"Content","backColor":"rgba(128, 128, 128, 1)"}]}},"layouts":{"MyLayout":{"areas":{"AreaTop":{"height":100,"width":1366,"top":0,"left":0},"AreaMain":{"height":668,"width":1206,"top":100,"left":160},"AreaLeft":{"height":668,"width":160,"top":100,"left":0}},"width":1366,"height":768}},"contents":{"ContentMainPage":{"path":"/contents/mappView/ContentMainPage.html","height":668,"width":1206,"configurations":{}},"ContentTop":{"path":"/contents/mappView/ContentTop.html","height":100,"width":1366,"configurations":{}},"contentLeftMainPage":{"path":"/contents/mappView/contentLeftMainPage.html","height":668,"width":160,"configurations":{}},"contentTramesEmisesSPU":{"path":"/contents/mappView/contentTramesEmisesSPU.html","height":668,"width":1206,"configurations":{}},"contentLeftTramesEmises":{"path":"/contents/mappView/contentLeftTramesEmises.html","height":668,"width":160,"configurations":{}},"contentTramesRecuesHMI":{"path":"/contents/mappView/contentTramesRecuesHMI.html","height":668,"width":1206,"configurations":{}},"contentLeftTramesRecues":{"path":"/contents/mappView/contentLeftTramesRecues.html","height":668,"width":160,"configurations":{}},"IHM_Content":{"path":"/contents/mappView/IHM_Content.html","height":668,"width":1206,"configurations":{}},"contentLeftIHM":{"path":"/contents/mappView/contentLeftIHM.html","height":668,"width":160,"configurations":{}},"contentTramesEmisesMotor":{"path":"/contents/mappView/contentTramesEmisesMotor.html","height":668,"width":1206,"configurations":{}},"contentTramesEmisesIV":{"path":"/contents/mappView/contentTramesEmisesIV.html","height":668,"width":1206,"configurations":{}}},"themes":["BuRTheme1"],"configurations":{"activityCount":false}}