{"name":"widgets.brease.Ellipse","type":"widget","meta":{"superClass":"widgets.brease.Rectangle","requires":[],"mixins":[],"parents":["*"],"children":[],"inheritance":["widgets.brease.Ellipse","widgets.brease.Rectangle","brease.core.BaseWidget"],"filePath":"widgets/brease/Ellipse/Ellipse.js"},"methods":[{"name":"setEditable","originalName":"setEditable","read":false,"description":"<p>Sets the state of property «editable»<br/>\nUsed for «editable» binding; method is called exclusevely by the framework</p>\n","iatStudioExposed":false,"parameter":[{"name":"editable","type":"Boolean","index":0,"description":"\n","optional":false},{"name":"metaData","type":"Object","index":1,"description":"\n","optional":false}]},{"name":"SetEnable","originalName":"setEnable","read":false,"description":"<p>Sets the state of property «enable»</p>\n","iatStudioExposed":true,"parameter":[{"name":"value","type":"Boolean","index":0,"description":"\n","optional":false}]},{"name":"SetStyle","originalName":"setStyle","read":false,"description":"\n","iatStudioExposed":true,"parameter":[{"name":"value","type":"StyleReference","index":0,"description":"\n","optional":false}]},{"name":"SetVisible","originalName":"setVisible","read":false,"description":"<p>Sets the state of property «visible»</p>\n","iatStudioExposed":true,"parameter":[{"name":"value","type":"Boolean","index":0,"description":"\n","optional":false}]}],"events":[{"name":"Click","description":"<p>Fired when element is clicked on.</p>\n","parameter":[{"name":"origin","type":"String","index":0,"description":"<p>id of widget that triggered this event</p>\n\n\n\n","optional":false},{"name":"horizontalPos","type":"String","index":1,"description":"<p>horizontal position of click in pixel i.e '10px'</p>\n\n\n\n","optional":false},{"name":"verticalPos","type":"String","index":2,"description":"<p>vertical position of click in pixel i.e '10px'</p>\n\n\n\n","optional":false}]},{"name":"DisabledClick","description":"<p>Fired when disabled element is clicked on.</p>\n","parameter":[{"name":"origin","type":"String","index":0,"description":"<p>id of widget that triggered this event</p>\n","optional":false},{"name":"hasPermission","type":"Boolean","index":1,"description":"<p>defines if the state is caused due to missing</p>\n","optional":false},{"name":"horizontalPos","type":"String","index":2,"description":"<p>horizontal position of click in pixel i.e '10px'</p>\n","optional":false},{"name":"verticalPos","type":"String","index":3,"description":"<p>vertical position of click in pixel i.e '10px'\nroles of the current user</p>\n","optional":false}]},{"name":"EnableChanged","description":"<p>Fired when operability of the widget changes.</p>\n","parameter":[{"name":"value","type":"Boolean","index":0,"description":"<p>operability</p>\n\n\n\n","optional":false}]},{"name":"OnDragEnd","description":"<p>Fired when element has OnDragEnd.</p>\n","parameter":[{"name":"contentId","type":"String","index":0,"description":"<p>content id of the widget where the drag operation has ended</p>\n","optional":false},{"name":"widgetId","type":"String","index":1,"description":"<p>id of the widget where the drag operation has ended</p>\n","optional":false}]},{"name":"OnDragEnter","description":"<p>Fired when element has onDragEnter.</p>\n","parameter":[{"name":"contentId","type":"String","index":0,"description":"<p>content id of the widget that has been entering the droppable widget</p>\n","optional":false},{"name":"widgetId","type":"String","index":1,"description":"<p>id of the widget that has been entering the droppable widget</p>\n","optional":false}]},{"name":"OnDragLeave","description":"<p>Fired when element has OnDragLeave.</p>\n","parameter":[{"name":"contentId","type":"String","index":0,"description":"<p>content id of the widget that has been leaving the droppable widget</p>\n","optional":false},{"name":"widgetId","type":"String","index":1,"description":"<p>id of the widget that has been leaving the droppable widget</p>\n","optional":false}]},{"name":"OnDragStart","description":"<p>Fired when element has OnDragStart.</p>\n","parameter":[{"name":"contentId","type":"String","index":0,"description":"<p>content id of the widget where the drag operation has been started</p>\n","optional":false},{"name":"widgetId","type":"String","index":1,"description":"<p>id of the widget where the drag operation has been started</p>\n","optional":false}]},{"name":"OnDrop","description":"<p>Fired when element has OnDrop.</p>\n","parameter":[{"name":"contentId","type":"String","index":0,"description":"<p>content id of the widget that has been dropped on the droppable widget</p>\n","optional":false},{"name":"widgetId","type":"String","index":1,"description":"<p>id of the widget that has been dropped on the droppable widget</p>\n","optional":false}]},{"name":"VisibleChanged","description":"<p>Fired when the visibility of the widget changes.</p>\n","parameter":[{"name":"value","type":"Boolean","index":0,"description":"<p>visibility</p>\n\n\n\n","optional":false}]}],"properties":[{"name":"draggable","type":"Boolean","initOnly":true,"localizable":false,"editableBinding":false,"readOnly":false,"required":false,"owner":"widgets.brease.common.DragDropProperties.libs.DraggablePropertiesEvents","projectable":true,"description":"Make widget draggable.\n","category":"Behavior","defaultValue":"false"},{"name":"enable","type":"Boolean","initOnly":false,"localizable":false,"editableBinding":false,"readOnly":false,"required":false,"owner":"brease.core.BaseWidget","projectable":true,"description":"Initial option to enable widget.\n","category":"Behavior","defaultValue":"true"},{"name":"permissionOperate","type":"RoleCollection","initOnly":true,"localizable":false,"editableBinding":false,"readOnly":false,"required":false,"owner":"brease.core.BaseWidget","projectable":true,"description":"restricts operability to users, which have given roles\n","category":"Accessibility"},{"name":"permissionView","type":"RoleCollection","initOnly":true,"localizable":false,"editableBinding":false,"readOnly":false,"required":false,"owner":"brease.core.BaseWidget","projectable":true,"description":"restricts visibility to users, which have given roles\n","category":"Accessibility"},{"name":"style","type":"StyleReference","initOnly":false,"localizable":false,"editableBinding":false,"readOnly":false,"required":false,"owner":"brease.core.BaseWidget","projectable":true,"description":"reference to a style for this widget type\n","category":"Appearance","defaultValue":"default"},{"name":"visible","type":"Boolean","initOnly":false,"localizable":false,"editableBinding":false,"readOnly":false,"required":false,"owner":"brease.core.BaseWidget","projectable":true,"description":"change visibility\n","category":"Behavior","defaultValue":"true"},{"name":"zIndex","type":"UInteger","description":"The zIndex property specifies the z-order of a widget and its childs.<br/>\r\n        When widgets overlap, z-order determines which one covers the other. A widget with a larger zIndex generally covers a widget with a lower one.<br/>\r\n        The zIndex must be unique within a content.<br/>","initOnly":true,"required":true,"readOnly":false,"projectable":true,"owner":"brease.core.BaseWidget","hide":false,"cssProp":true},{"name":"left","type":"Integer","description":"absolute position measured from left boundary of parent container","initOnly":true,"required":false,"readOnly":false,"projectable":true,"owner":"brease.core.BaseWidget","hide":false,"cssProp":true},{"name":"top","type":"Integer","description":"absolute position measured from top boundary of parent container","initOnly":true,"required":false,"readOnly":false,"projectable":true,"owner":"brease.core.BaseWidget","hide":false,"cssProp":true},{"name":"height","type":"Size","defaultValue":"100","description":"outer height of widget","initOnly":true,"required":false,"readOnly":false,"projectable":true,"owner":"widgets.brease.Ellipse","hide":false,"cssProp":true},{"name":"width","type":"Size","defaultValue":"100","description":"outer width of widget","initOnly":true,"required":false,"readOnly":false,"projectable":true,"owner":"widgets.brease.Ellipse","hide":false,"cssProp":true}],"dependencies":{"files":["widgets/brease/Rectangle/Rectangle.js","brease/enum/Enum.js","brease/core/Types.js"],"widgets":["widgets/brease/Ellipse/Ellipse.js","widgets/brease/Rectangle/Rectangle.js"]},"categories":{"Category":["Drawing"]},"descriptions":{"short":"Grafikobjekt","de":"Zeichnet eine Ellipse","en":"Draws an ellipsis"},"superproperties":{"id":{"type":"WidgetId"},"enable":{"type":"Boolean"},"permissionOperate":{"type":"RoleCollection"},"permissionView":{"type":"RoleCollection"},"style":{"type":"StyleReference"},"tooltip":{"type":"String"},"visible":{"type":"Boolean"},"zIndex":{"type":"UInteger"},"left":{"type":"Integer"},"top":{"type":"Integer"},"height":{"type":"AutoSize"},"width":{"type":"AutoSize"}},"styleproperties":{"StyleProperty":[{"$":{"name":"borderStyle","category":"Appearance","type":"BorderStyle","default":"solid"},"StyleElement":[{"$":{"attribute":"border-style"}}],"Description":["Sets the style of the border of the widget"]},{"$":{"name":"borderWidth","category":"Appearance","type":"PixelValCollection","default":"1px"},"StyleElement":[{"$":{"attribute":"border-width"}}],"Description":["Sets the width of the border. For further information, please check its type"]},{"$":{"name":"lineColor","category":"Appearance","type":"ColorCollection","default":"#000000"},"StyleElement":[{"$":{"attribute":"border-color"}}],"Description":["Sets the border color. For further information, please check its type"]},{"$":{"name":"backColor","category":"Appearance","type":"Color","default":"#FF8800"},"StyleElement":[{"$":{"attribute":"background-color"}}],"Description":["Sets the background color"]},{"$":{"name":"opacity","category":"Appearance","type":"Opacity","default":"1"},"StyleElement":[{"$":{"attribute":"opacity"}}],"Description":["Sets the opacity of the widget"]},{"$":{"name":"rotation","category":"Appearance","type":"Rotation","default":"0deg"},"StyleElement":[{"$":{"attribute":"@include rotate($value)"}}],"Description":["Sets the rotation of the widget with respect to its center. Positive values for clockwise direction"]},{"$":{"name":"margin","category":"Layout","type":"Margin","default":"0px"},"StyleElement":[{"$":{"attribute":"margin"}}],"Description":["Sets the margin around the widget. For further information, please check its type"]},{"$":{"name":"shadow","category":"Appearance","type":"Shadow","default":"none"},"StyleElement":[{"$":{"attribute":"@include box-shadow($value)"}}],"Description":["Sets the shadow effect of the widget. For further information, please check its type"]},{"$":{"name":"backGroundGradient","category":"Appearance","type":"Gradient","default":""},"StyleElement":[{"$":{"attribute":"@include backGroundGradient('$value')"}}],"Description":["Sets the background color of the widget as gradient. For further information, please check CSS Gradients"]},{"$":{"name":"lineGradient","category":"Appearance","type":"Gradient","default":""},"StyleElement":[{"$":{"attribute":"@include borderImageGradient('$value')"}}],"Description":["Sets the border color of the widget as gradient. For further information, please check CSS Gradients"]}],"$":{}},"propertygroups":{"PropertyGroup":[{"$":{"name":"Size","type":"String","category":"Layout"},"Description":["outer height and width of widget"]},{"$":{"name":"Position","type":"String","category":"Layout"},"Description":["top and left of widget"]}]}}